Scheme ID,Layer1_data_transmission,Layer1_compute_cycles,Layer1_resource_limit,Layer1_mapping_design,Layer2_data_transmission,Layer2_compute_cycles,Layer2_resource_limit,Layer2_mapping_design,Layer3_data_transmission,Layer3_compute_cycles,Layer3_resource_limit,Layer3_mapping_design,Layer4_data_transmission,Layer4_compute_cycles,Layer4_resource_limit,Layer4_mapping_design,Layer5_data_transmission,Layer5_compute_cycles,Layer5_resource_limit,Layer5_mapping_design,Layer6_data_transmission,Layer6_compute_cycles,Layer6_resource_limit,Layer6_mapping_design,Layer7_data_transmission,Layer7_compute_cycles,Layer7_resource_limit,Layer7_mapping_design,Layer8_data_transmission,Layer8_compute_cycles,Layer8_resource_limit,Layer8_mapping_design,Layer9_data_transmission,Layer9_compute_cycles,Layer9_resource_limit,Layer9_mapping_design,Layer10_data_transmission,Layer10_compute_cycles,Layer10_resource_limit,Layer10_mapping_design,Total data transmission,Total compute cycles,Total resource
1,447552.0,6216,1,"[4.0, 6.0, 3.0, 64.0]",12616704.0,24642,2,"[4.0, 4.0, 32, 64.0]",3097600.0,6050,2,"[4.0, 4.0, 32, 128.0]",6195200.0,12100,4,"[4.0, 4.0, 32, 128.0]",3359232.0,8748,3,"[3.0, 3.0, 56, 256.0]",6718464.0,14580,5,"[3.0, 3.0, 56, 256.0]",1557504.0,3380,5,"[3.0, 3.0, 56, 512.0]",3115008.0,6084.0,10,"[3.0, 3.0, 56, 512.0]",663552.0,1296.0,10,"[3.0, 3.0, 56, 512.0]",663552.0,1296.0,10,"[3.0, 3.0, 56, 512.0]",38434368.0,84392.0,52
2,447552.0,6216,1,"[4.0, 6.0, 3.0, 64.0]",12616704.0,24642,2,"[4.0, 4.0, 32, 64.0]",3097600.0,6050,2,"[4.0, 4.0, 32, 128.0]",6195200.0,12100,4,"[4.0, 4.0, 32, 128.0]",3359232.0,8748,3,"[3.0, 3.0, 56, 256.0]",4478976.0,10206,7,"[3.0, 4.0, 42, 256.0]",1557504.0,3380,5,"[3.0, 3.0, 56, 512.0]",3115008.0,6084.0,10,"[3.0, 3.0, 56, 512.0]",663552.0,1296.0,10,"[3.0, 3.0, 56, 512.0]",663552.0,1296.0,10,"[3.0, 3.0, 56, 512.0]",36194880.0,80018.0,54
3,447552.0,6216,1,"[4.0, 6.0, 3.0, 64.0]",12616704.0,24642,2,"[4.0, 4.0, 32, 64.0]",3097600.0,6050,2,"[4.0, 4.0, 32, 128.0]",6195200.0,12100,4,"[4.0, 4.0, 32, 128.0]",2239488.0,5832,4,"[3.0, 4.0, 42, 256.0]",6718464.0,14580,5,"[3.0, 3.0, 56, 256.0]",1557504.0,3380,5,"[3.0, 3.0, 56, 512.0]",3115008.0,6084.0,10,"[3.0, 3.0, 56, 512.0]",663552.0,1296.0,10,"[3.0, 3.0, 56, 512.0]",663552.0,1296.0,10,"[3.0, 3.0, 56, 512.0]",37314624.0,81476.0,53
4,447552.0,6216,1,"[4.0, 6.0, 3.0, 64.0]",12616704.0,24642,2,"[4.0, 4.0, 32, 64.0]",3097600.0,6050,2,"[4.0, 4.0, 32, 128.0]",6195200.0,12100,4,"[4.0, 4.0, 32, 128.0]",2239488.0,5832,4,"[3.0, 4.0, 42, 256.0]",4478976.0,10206,7,"[3.0, 4.0, 42, 256.0]",1557504.0,3380,5,"[3.0, 3.0, 56, 512.0]",3115008.0,6084.0,10,"[3.0, 3.0, 56, 512.0]",663552.0,1296.0,10,"[3.0, 3.0, 56, 512.0]",663552.0,1296.0,10,"[3.0, 3.0, 56, 512.0]",35075136.0,77102.0,55
5,447552.0,6216,1,"[4.0, 6.0, 3.0, 64.0]",12616704.0,24642,2,"[4.0, 4.0, 32, 64.0]",3097600.0,6050,2,"[4.0, 4.0, 32, 128.0]",6195200.0,12100,4,"[4.0, 4.0, 32, 128.0]",1492992.0,5832,8,"[4.0, 4.0, 32, 128]",6718464.0,14580,5,"[3.0, 3.0, 56, 256.0]",1557504.0,3380,5,"[3.0, 3.0, 56, 512.0]",3115008.0,6084.0,10,"[3.0, 3.0, 56, 512.0]",663552.0,1296.0,10,"[3.0, 3.0, 56, 512.0]",663552.0,1296.0,10,"[3.0, 3.0, 56, 512.0]",36568128.0,81476.0,57
6,447552.0,6216,1,"[4.0, 6.0, 3.0, 64.0]",12616704.0,24642,2,"[4.0, 4.0, 32, 64.0]",3097600.0,6050,2,"[4.0, 4.0, 32, 128.0]",6195200.0,12100,4,"[4.0, 4.0, 32, 128.0]",1492992.0,5832,8,"[4.0, 4.0, 32, 128]",4478976.0,10206,7,"[3.0, 4.0, 42, 256.0]",1557504.0,3380,5,"[3.0, 3.0, 56, 512.0]",3115008.0,6084.0,10,"[3.0, 3.0, 56, 512.0]",663552.0,1296.0,10,"[3.0, 3.0, 56, 512.0]",663552.0,1296.0,10,"[3.0, 3.0, 56, 512.0]",34328640.0,77102.0,59
7,447552.0,6216,1,"[4.0, 6.0, 3.0, 64.0]",12616704.0,24642,2,"[4.0, 4.0, 32, 64.0]",2604800.0,12210,6,"[4.0, 5.0, 25, 85]",6195200.0,12100,4,"[4.0, 4.0, 32, 128.0]",3359232.0,8748,3,"[3.0, 3.0, 56, 256.0]",4478976.0,10206,7,"[3.0, 4.0, 42, 256.0]",1557504.0,3380,5,"[3.0, 3.0, 56, 512.0]",3115008.0,6084.0,10,"[3.0, 3.0, 56, 512.0]",663552.0,1296.0,10,"[3.0, 3.0, 56, 512.0]",663552.0,1296.0,10,"[3.0, 3.0, 56, 512.0]",35702080.0,86178.0,58
8,447552.0,6216,1,"[4.0, 6.0, 3.0, 64.0]",12616704.0,24642,2,"[4.0, 4.0, 32, 64.0]",2604800.0,12210,6,"[4.0, 5.0, 25, 85]",6195200.0,12100,4,"[4.0, 4.0, 32, 128.0]",2239488.0,5832,4,"[3.0, 4.0, 42, 256.0]",6718464.0,14580,5,"[3.0, 3.0, 56, 256.0]",1557504.0,3380,5,"[3.0, 3.0, 56, 512.0]",3115008.0,6084.0,10,"[3.0, 3.0, 56, 512.0]",663552.0,1296.0,10,"[3.0, 3.0, 56, 512.0]",663552.0,1296.0,10,"[3.0, 3.0, 56, 512.0]",36821824.0,87636.0,57
9,447552.0,6216,1,"[4.0, 6.0, 3.0, 64.0]",12616704.0,24642,2,"[4.0, 4.0, 32, 64.0]",2604800.0,12210,6,"[4.0, 5.0, 25, 85]",6195200.0,12100,4,"[4.0, 4.0, 32, 128.0]",2239488.0,5832,4,"[3.0, 4.0, 42, 256.0]",4478976.0,10206,7,"[3.0, 4.0, 42, 256.0]",1557504.0,3380,5,"[3.0, 3.0, 56, 512.0]",3115008.0,6084.0,10,"[3.0, 3.0, 56, 512.0]",663552.0,1296.0,10,"[3.0, 3.0, 56, 512.0]",663552.0,1296.0,10,"[3.0, 3.0, 56, 512.0]",34582336.0,83262.0,59
10,447552.0,6216,1,"[4.0, 6.0, 3.0, 64.0]",12616704.0,24642,2,"[4.0, 4.0, 32, 64.0]",2365440.0,12320,8,"[4.0, 6.0, 21, 64]",6195200.0,12100,4,"[4.0, 4.0, 32, 128.0]",3359232.0,8748,3,"[3.0, 3.0, 56, 256.0]",4478976.0,10206,7,"[3.0, 4.0, 42, 256.0]",1557504.0,3380,5,"[3.0, 3.0, 56, 512.0]",3115008.0,6084.0,10,"[3.0, 3.0, 56, 512.0]",663552.0,1296.0,10,"[3.0, 3.0, 56, 512.0]",663552.0,1296.0,10,"[3.0, 3.0, 56, 512.0]",35462720.0,86288.0,60
11,447552.0,6216,1,"[4.0, 6.0, 3.0, 64.0]",12616704.0,24642,2,"[4.0, 4.0, 32, 64.0]",2365440.0,12320,8,"[4.0, 6.0, 21, 64]",6195200.0,12100,4,"[4.0, 4.0, 32, 128.0]",2239488.0,5832,4,"[3.0, 4.0, 42, 256.0]",6718464.0,14580,5,"[3.0, 3.0, 56, 256.0]",1557504.0,3380,5,"[3.0, 3.0, 56, 512.0]",3115008.0,6084.0,10,"[3.0, 3.0, 56, 512.0]",663552.0,1296.0,10,"[3.0, 3.0, 56, 512.0]",663552.0,1296.0,10,"[3.0, 3.0, 56, 512.0]",36582464.0,87746.0,59
12,447552.0,6216,1,"[4.0, 6.0, 3.0, 64.0]",10513920.0,24642,3,"[4.0, 5.0, 25, 64.0]",3097600.0,6050,2,"[4.0, 4.0, 32, 128.0]",6195200.0,12100,4,"[4.0, 4.0, 32, 128.0]",3359232.0,8748,3,"[3.0, 3.0, 56, 256.0]",6718464.0,14580,5,"[3.0, 3.0, 56, 256.0]",1557504.0,3380,5,"[3.0, 3.0, 56, 512.0]",3115008.0,6084.0,10,"[3.0, 3.0, 56, 512.0]",663552.0,1296.0,10,"[3.0, 3.0, 56, 512.0]",663552.0,1296.0,10,"[3.0, 3.0, 56, 512.0]",36331584.0,84392.0,53
13,447552.0,6216,1,"[4.0, 6.0, 3.0, 64.0]",10513920.0,24642,3,"[4.0, 5.0, 25, 64.0]",3097600.0,6050,2,"[4.0, 4.0, 32, 128.0]",6195200.0,12100,4,"[4.0, 4.0, 32, 128.0]",3359232.0,8748,3,"[3.0, 3.0, 56, 256.0]",4478976.0,10206,7,"[3.0, 4.0, 42, 256.0]",1557504.0,3380,5,"[3.0, 3.0, 56, 512.0]",3115008.0,6084.0,10,"[3.0, 3.0, 56, 512.0]",663552.0,1296.0,10,"[3.0, 3.0, 56, 512.0]",663552.0,1296.0,10,"[3.0, 3.0, 56, 512.0]",34092096.0,80018.0,55
14,447552.0,6216,1,"[4.0, 6.0, 3.0, 64.0]",10513920.0,24642,3,"[4.0, 5.0, 25, 64.0]",3097600.0,6050,2,"[4.0, 4.0, 32, 128.0]",6195200.0,12100,4,"[4.0, 4.0, 32, 128.0]",2239488.0,5832,4,"[3.0, 4.0, 42, 256.0]",6718464.0,14580,5,"[3.0, 3.0, 56, 256.0]",1557504.0,3380,5,"[3.0, 3.0, 56, 512.0]",3115008.0,6084.0,10,"[3.0, 3.0, 56, 512.0]",663552.0,1296.0,10,"[3.0, 3.0, 56, 512.0]",663552.0,1296.0,10,"[3.0, 3.0, 56, 512.0]",35211840.0,81476.0,54
15,447552.0,6216,1,"[4.0, 6.0, 3.0, 64.0]",10513920.0,24642,3,"[4.0, 5.0, 25, 64.0]",3097600.0,6050,2,"[4.0, 4.0, 32, 128.0]",6195200.0,12100,4,"[4.0, 4.0, 32, 128.0]",2239488.0,5832,4,"[3.0, 4.0, 42, 256.0]",4478976.0,10206,7,"[3.0, 4.0, 42, 256.0]",1557504.0,3380,5,"[3.0, 3.0, 56, 512.0]",3115008.0,6084.0,10,"[3.0, 3.0, 56, 512.0]",663552.0,1296.0,10,"[3.0, 3.0, 56, 512.0]",663552.0,1296.0,10,"[3.0, 3.0, 56, 512.0]",32972352.0,77102.0,56
16,447552.0,6216,1,"[4.0, 6.0, 3.0, 64.0]",10513920.0,24642,3,"[4.0, 5.0, 25, 64.0]",3097600.0,6050,2,"[4.0, 4.0, 32, 128.0]",6195200.0,12100,4,"[4.0, 4.0, 32, 128.0]",1492992.0,5832,8,"[4.0, 4.0, 32, 128]",6718464.0,14580,5,"[3.0, 3.0, 56, 256.0]",1557504.0,3380,5,"[3.0, 3.0, 56, 512.0]",3115008.0,6084.0,10,"[3.0, 3.0, 56, 512.0]",663552.0,1296.0,10,"[3.0, 3.0, 56, 512.0]",663552.0,1296.0,10,"[3.0, 3.0, 56, 512.0]",34465344.0,81476.0,58
17,447552.0,6216,1,"[4.0, 6.0, 3.0, 64.0]",10513920.0,24642,3,"[4.0, 5.0, 25, 64.0]",3097600.0,6050,2,"[4.0, 4.0, 32, 128.0]",6195200.0,12100,4,"[4.0, 4.0, 32, 128.0]",1492992.0,5832,8,"[4.0, 4.0, 32, 128]",4478976.0,10206,7,"[3.0, 4.0, 42, 256.0]",1557504.0,3380,5,"[3.0, 3.0, 56, 512.0]",3115008.0,6084.0,10,"[3.0, 3.0, 56, 512.0]",663552.0,1296.0,10,"[3.0, 3.0, 56, 512.0]",663552.0,1296.0,10,"[3.0, 3.0, 56, 512.0]",32225856.0,77102.0,60
18,447552.0,6216,1,"[4.0, 6.0, 3.0, 64.0]",10513920.0,24642,3,"[4.0, 5.0, 25, 64.0]",2604800.0,12210,6,"[4.0, 5.0, 25, 85]",6195200.0,12100,4,"[4.0, 4.0, 32, 128.0]",3359232.0,8748,3,"[3.0, 3.0, 56, 256.0]",4478976.0,10206,7,"[3.0, 4.0, 42, 256.0]",1557504.0,3380,5,"[3.0, 3.0, 56, 512.0]",3115008.0,6084.0,10,"[3.0, 3.0, 56, 512.0]",663552.0,1296.0,10,"[3.0, 3.0, 56, 512.0]",663552.0,1296.0,10,"[3.0, 3.0, 56, 512.0]",33599296.0,86178.0,59
19,447552.0,6216,1,"[4.0, 6.0, 3.0, 64.0]",10513920.0,24642,3,"[4.0, 5.0, 25, 64.0]",2604800.0,12210,6,"[4.0, 5.0, 25, 85]",6195200.0,12100,4,"[4.0, 4.0, 32, 128.0]",2239488.0,5832,4,"[3.0, 4.0, 42, 256.0]",6718464.0,14580,5,"[3.0, 3.0, 56, 256.0]",1557504.0,3380,5,"[3.0, 3.0, 56, 512.0]",3115008.0,6084.0,10,"[3.0, 3.0, 56, 512.0]",663552.0,1296.0,10,"[3.0, 3.0, 56, 512.0]",663552.0,1296.0,10,"[3.0, 3.0, 56, 512.0]",34719040.0,87636.0,58
20,447552.0,6216,1,"[4.0, 6.0, 3.0, 64.0]",10513920.0,24642,3,"[4.0, 5.0, 25, 64.0]",2604800.0,12210,6,"[4.0, 5.0, 25, 85]",6195200.0,12100,4,"[4.0, 4.0, 32, 128.0]",2239488.0,5832,4,"[3.0, 4.0, 42, 256.0]",4478976.0,10206,7,"[3.0, 4.0, 42, 256.0]",1557504.0,3380,5,"[3.0, 3.0, 56, 512.0]",3115008.0,6084.0,10,"[3.0, 3.0, 56, 512.0]",663552.0,1296.0,10,"[3.0, 3.0, 56, 512.0]",663552.0,1296.0,10,"[3.0, 3.0, 56, 512.0]",32479552.0,83262.0,60
21,447552.0,6216,1,"[4.0, 6.0, 3.0, 64.0]",10513920.0,24642,3,"[4.0, 5.0, 25, 64.0]",2365440.0,12320,8,"[4.0, 6.0, 21, 64]",6195200.0,12100,4,"[4.0, 4.0, 32, 128.0]",2239488.0,5832,4,"[3.0, 4.0, 42, 256.0]",6718464.0,14580,5,"[3.0, 3.0, 56, 256.0]",1557504.0,3380,5,"[3.0, 3.0, 56, 512.0]",3115008.0,6084.0,10,"[3.0, 3.0, 56, 512.0]",663552.0,1296.0,10,"[3.0, 3.0, 56, 512.0]",663552.0,1296.0,10,"[3.0, 3.0, 56, 512.0]",34479680.0,87746.0,60
22,447552.0,6216,1,"[4.0, 6.0, 3.0, 64.0]",9547776.0,24864,4,"[4.0, 6.0, 21, 64.0]",3097600.0,6050,2,"[4.0, 4.0, 32, 128.0]",6195200.0,12100,4,"[4.0, 4.0, 32, 128.0]",3359232.0,8748,3,"[3.0, 3.0, 56, 256.0]",6718464.0,14580,5,"[3.0, 3.0, 56, 256.0]",1557504.0,3380,5,"[3.0, 3.0, 56, 512.0]",3115008.0,6084.0,10,"[3.0, 3.0, 56, 512.0]",663552.0,1296.0,10,"[3.0, 3.0, 56, 512.0]",663552.0,1296.0,10,"[3.0, 3.0, 56, 512.0]",35365440.0,84614.0,54
23,447552.0,6216,1,"[4.0, 6.0, 3.0, 64.0]",9547776.0,24864,4,"[4.0, 6.0, 21, 64.0]",3097600.0,6050,2,"[4.0, 4.0, 32, 128.0]",6195200.0,12100,4,"[4.0, 4.0, 32, 128.0]",3359232.0,8748,3,"[3.0, 3.0, 56, 256.0]",4478976.0,10206,7,"[3.0, 4.0, 42, 256.0]",1557504.0,3380,5,"[3.0, 3.0, 56, 512.0]",3115008.0,6084.0,10,"[3.0, 3.0, 56, 512.0]",663552.0,1296.0,10,"[3.0, 3.0, 56, 512.0]",663552.0,1296.0,10,"[3.0, 3.0, 56, 512.0]",33125952.0,80240.0,56
24,447552.0,6216,1,"[4.0, 6.0, 3.0, 64.0]",9547776.0,24864,4,"[4.0, 6.0, 21, 64.0]",3097600.0,6050,2,"[4.0, 4.0, 32, 128.0]",6195200.0,12100,4,"[4.0, 4.0, 32, 128.0]",2239488.0,5832,4,"[3.0, 4.0, 42, 256.0]",6718464.0,14580,5,"[3.0, 3.0, 56, 256.0]",1557504.0,3380,5,"[3.0, 3.0, 56, 512.0]",3115008.0,6084.0,10,"[3.0, 3.0, 56, 512.0]",663552.0,1296.0,10,"[3.0, 3.0, 56, 512.0]",663552.0,1296.0,10,"[3.0, 3.0, 56, 512.0]",34245696.0,81698.0,55
25,447552.0,6216,1,"[4.0, 6.0, 3.0, 64.0]",9547776.0,24864,4,"[4.0, 6.0, 21, 64.0]",3097600.0,6050,2,"[4.0, 4.0, 32, 128.0]",6195200.0,12100,4,"[4.0, 4.0, 32, 128.0]",2239488.0,5832,4,"[3.0, 4.0, 42, 256.0]",4478976.0,10206,7,"[3.0, 4.0, 42, 256.0]",1557504.0,3380,5,"[3.0, 3.0, 56, 512.0]",3115008.0,6084.0,10,"[3.0, 3.0, 56, 512.0]",663552.0,1296.0,10,"[3.0, 3.0, 56, 512.0]",663552.0,1296.0,10,"[3.0, 3.0, 56, 512.0]",32006208.0,77324.0,57
26,447552.0,6216,1,"[4.0, 6.0, 3.0, 64.0]",9547776.0,24864,4,"[4.0, 6.0, 21, 64.0]",3097600.0,6050,2,"[4.0, 4.0, 32, 128.0]",6195200.0,12100,4,"[4.0, 4.0, 32, 128.0]",1492992.0,5832,8,"[4.0, 4.0, 32, 128]",6718464.0,14580,5,"[3.0, 3.0, 56, 256.0]",1557504.0,3380,5,"[3.0, 3.0, 56, 512.0]",3115008.0,6084.0,10,"[3.0, 3.0, 56, 512.0]",663552.0,1296.0,10,"[3.0, 3.0, 56, 512.0]",663552.0,1296.0,10,"[3.0, 3.0, 56, 512.0]",33499200.0,81698.0,59
27,447552.0,6216,1,"[4.0, 6.0, 3.0, 64.0]",9547776.0,24864,4,"[4.0, 6.0, 21, 64.0]",2604800.0,12210,6,"[4.0, 5.0, 25, 85]",6195200.0,12100,4,"[4.0, 4.0, 32, 128.0]",3359232.0,8748,3,"[3.0, 3.0, 56, 256.0]",4478976.0,10206,7,"[3.0, 4.0, 42, 256.0]",1557504.0,3380,5,"[3.0, 3.0, 56, 512.0]",3115008.0,6084.0,10,"[3.0, 3.0, 56, 512.0]",663552.0,1296.0,10,"[3.0, 3.0, 56, 512.0]",663552.0,1296.0,10,"[3.0, 3.0, 56, 512.0]",32633152.0,86400.0,60
28,447552.0,6216,1,"[4.0, 6.0, 3.0, 64.0]",9547776.0,24864,4,"[4.0, 6.0, 21, 64.0]",2604800.0,12210,6,"[4.0, 5.0, 25, 85]",6195200.0,12100,4,"[4.0, 4.0, 32, 128.0]",2239488.0,5832,4,"[3.0, 4.0, 42, 256.0]",6718464.0,14580,5,"[3.0, 3.0, 56, 256.0]",1557504.0,3380,5,"[3.0, 3.0, 56, 512.0]",3115008.0,6084.0,10,"[3.0, 3.0, 56, 512.0]",663552.0,1296.0,10,"[3.0, 3.0, 56, 512.0]",663552.0,1296.0,10,"[3.0, 3.0, 56, 512.0]",33752896.0,87858.0,59
29,447552.0,6216,1,"[4.0, 6.0, 3.0, 64.0]",8411136.0,32856,8,"[4.0, 8.0, 16, 42]",3097600.0,6050,2,"[4.0, 4.0, 32, 128.0]",6195200.0,12100,4,"[4.0, 4.0, 32, 128.0]",3359232.0,8748,3,"[3.0, 3.0, 56, 256.0]",4478976.0,10206,7,"[3.0, 4.0, 42, 256.0]",1557504.0,3380,5,"[3.0, 3.0, 56, 512.0]",3115008.0,6084.0,10,"[3.0, 3.0, 56, 512.0]",663552.0,1296.0,10,"[3.0, 3.0, 56, 512.0]",663552.0,1296.0,10,"[3.0, 3.0, 56, 512.0]",31989312.0,88232.0,60
30,447552.0,6216,1,"[4.0, 6.0, 3.0, 64.0]",8411136.0,32856,8,"[4.0, 8.0, 16, 42]",3097600.0,6050,2,"[4.0, 4.0, 32, 128.0]",6195200.0,12100,4,"[4.0, 4.0, 32, 128.0]",2239488.0,5832,4,"[3.0, 4.0, 42, 256.0]",6718464.0,14580,5,"[3.0, 3.0, 56, 256.0]",1557504.0,3380,5,"[3.0, 3.0, 56, 512.0]",3115008.0,6084.0,10,"[3.0, 3.0, 56, 512.0]",663552.0,1296.0,10,"[3.0, 3.0, 56, 512.0]",663552.0,1296.0,10,"[3.0, 3.0, 56, 512.0]",33109056.0,89690.0,59
31,447552.0,6216,1,"[4.0, 6.0, 3.0, 64.0]",7956480.0,33152,8,"[5.0, 6.0, 17, 42]",3097600.0,6050,2,"[4.0, 4.0, 32, 128.0]",6195200.0,12100,4,"[4.0, 4.0, 32, 128.0]",3359232.0,8748,3,"[3.0, 3.0, 56, 256.0]",4478976.0,10206,7,"[3.0, 4.0, 42, 256.0]",1557504.0,3380,5,"[3.0, 3.0, 56, 512.0]",3115008.0,6084.0,10,"[3.0, 3.0, 56, 512.0]",663552.0,1296.0,10,"[3.0, 3.0, 56, 512.0]",663552.0,1296.0,10,"[3.0, 3.0, 56, 512.0]",31534656.0,88528.0,60
32,447552.0,6216,1,"[4.0, 6.0, 3.0, 64.0]",7956480.0,33152,8,"[5.0, 6.0, 17, 42]",3097600.0,6050,2,"[4.0, 4.0, 32, 128.0]",6195200.0,12100,4,"[4.0, 4.0, 32, 128.0]",2239488.0,5832,4,"[3.0, 4.0, 42, 256.0]",6718464.0,14580,5,"[3.0, 3.0, 56, 256.0]",1557504.0,3380,5,"[3.0, 3.0, 56, 512.0]",3115008.0,6084.0,10,"[3.0, 3.0, 56, 512.0]",663552.0,1296.0,10,"[3.0, 3.0, 56, 512.0]",663552.0,1296.0,10,"[3.0, 3.0, 56, 512.0]",32654400.0,89986.0,59
33,372960.0,6216,2,"[4.0, 10.0, 3.0, 32]",12616704.0,24642,2,"[4.0, 4.0, 32, 64.0]",3097600.0,6050,2,"[4.0, 4.0, 32, 128.0]",6195200.0,12100,4,"[4.0, 4.0, 32, 128.0]",3359232.0,8748,3,"[3.0, 3.0, 56, 256.0]",6718464.0,14580,5,"[3.0, 3.0, 56, 256.0]",1557504.0,3380,5,"[3.0, 3.0, 56, 512.0]",3115008.0,6084.0,10,"[3.0, 3.0, 56, 512.0]",663552.0,1296.0,10,"[3.0, 3.0, 56, 512.0]",663552.0,1296.0,10,"[3.0, 3.0, 56, 512.0]",38359776.0,84392.0,53
34,372960.0,6216,2,"[4.0, 10.0, 3.0, 32]",12616704.0,24642,2,"[4.0, 4.0, 32, 64.0]",3097600.0,6050,2,"[4.0, 4.0, 32, 128.0]",6195200.0,12100,4,"[4.0, 4.0, 32, 128.0]",3359232.0,8748,3,"[3.0, 3.0, 56, 256.0]",4478976.0,10206,7,"[3.0, 4.0, 42, 256.0]",1557504.0,3380,5,"[3.0, 3.0, 56, 512.0]",3115008.0,6084.0,10,"[3.0, 3.0, 56, 512.0]",663552.0,1296.0,10,"[3.0, 3.0, 56, 512.0]",663552.0,1296.0,10,"[3.0, 3.0, 56, 512.0]",36120288.0,80018.0,55
35,372960.0,6216,2,"[4.0, 10.0, 3.0, 32]",12616704.0,24642,2,"[4.0, 4.0, 32, 64.0]",3097600.0,6050,2,"[4.0, 4.0, 32, 128.0]",6195200.0,12100,4,"[4.0, 4.0, 32, 128.0]",2239488.0,5832,4,"[3.0, 4.0, 42, 256.0]",6718464.0,14580,5,"[3.0, 3.0, 56, 256.0]",1557504.0,3380,5,"[3.0, 3.0, 56, 512.0]",3115008.0,6084.0,10,"[3.0, 3.0, 56, 512.0]",663552.0,1296.0,10,"[3.0, 3.0, 56, 512.0]",663552.0,1296.0,10,"[3.0, 3.0, 56, 512.0]",37240032.0,81476.0,54
36,372960.0,6216,2,"[4.0, 10.0, 3.0, 32]",12616704.0,24642,2,"[4.0, 4.0, 32, 64.0]",3097600.0,6050,2,"[4.0, 4.0, 32, 128.0]",6195200.0,12100,4,"[4.0, 4.0, 32, 128.0]",2239488.0,5832,4,"[3.0, 4.0, 42, 256.0]",4478976.0,10206,7,"[3.0, 4.0, 42, 256.0]",1557504.0,3380,5,"[3.0, 3.0, 56, 512.0]",3115008.0,6084.0,10,"[3.0, 3.0, 56, 512.0]",663552.0,1296.0,10,"[3.0, 3.0, 56, 512.0]",663552.0,1296.0,10,"[3.0, 3.0, 56, 512.0]",35000544.0,77102.0,56
37,372960.0,6216,2,"[4.0, 10.0, 3.0, 32]",12616704.0,24642,2,"[4.0, 4.0, 32, 64.0]",3097600.0,6050,2,"[4.0, 4.0, 32, 128.0]",6195200.0,12100,4,"[4.0, 4.0, 32, 128.0]",1492992.0,5832,8,"[4.0, 4.0, 32, 128]",6718464.0,14580,5,"[3.0, 3.0, 56, 256.0]",1557504.0,3380,5,"[3.0, 3.0, 56, 512.0]",3115008.0,6084.0,10,"[3.0, 3.0, 56, 512.0]",663552.0,1296.0,10,"[3.0, 3.0, 56, 512.0]",663552.0,1296.0,10,"[3.0, 3.0, 56, 512.0]",36493536.0,81476.0,58
38,372960.0,6216,2,"[4.0, 10.0, 3.0, 32]",12616704.0,24642,2,"[4.0, 4.0, 32, 64.0]",3097600.0,6050,2,"[4.0, 4.0, 32, 128.0]",6195200.0,12100,4,"[4.0, 4.0, 32, 128.0]",1492992.0,5832,8,"[4.0, 4.0, 32, 128]",4478976.0,10206,7,"[3.0, 4.0, 42, 256.0]",1557504.0,3380,5,"[3.0, 3.0, 56, 512.0]",3115008.0,6084.0,10,"[3.0, 3.0, 56, 512.0]",663552.0,1296.0,10,"[3.0, 3.0, 56, 512.0]",663552.0,1296.0,10,"[3.0, 3.0, 56, 512.0]",34254048.0,77102.0,60
39,372960.0,6216,2,"[4.0, 10.0, 3.0, 32]",12616704.0,24642,2,"[4.0, 4.0, 32, 64.0]",2604800.0,12210,6,"[4.0, 5.0, 25, 85]",6195200.0,12100,4,"[4.0, 4.0, 32, 128.0]",3359232.0,8748,3,"[3.0, 3.0, 56, 256.0]",4478976.0,10206,7,"[3.0, 4.0, 42, 256.0]",1557504.0,3380,5,"[3.0, 3.0, 56, 512.0]",3115008.0,6084.0,10,"[3.0, 3.0, 56, 512.0]",663552.0,1296.0,10,"[3.0, 3.0, 56, 512.0]",663552.0,1296.0,10,"[3.0, 3.0, 56, 512.0]",35627488.0,86178.0,59
40,372960.0,6216,2,"[4.0, 10.0, 3.0, 32]",12616704.0,24642,2,"[4.0, 4.0, 32, 64.0]",2604800.0,12210,6,"[4.0, 5.0, 25, 85]",6195200.0,12100,4,"[4.0, 4.0, 32, 128.0]",2239488.0,5832,4,"[3.0, 4.0, 42, 256.0]",6718464.0,14580,5,"[3.0, 3.0, 56, 256.0]",1557504.0,3380,5,"[3.0, 3.0, 56, 512.0]",3115008.0,6084.0,10,"[3.0, 3.0, 56, 512.0]",663552.0,1296.0,10,"[3.0, 3.0, 56, 512.0]",663552.0,1296.0,10,"[3.0, 3.0, 56, 512.0]",36747232.0,87636.0,58
41,372960.0,6216,2,"[4.0, 10.0, 3.0, 32]",12616704.0,24642,2,"[4.0, 4.0, 32, 64.0]",2604800.0,12210,6,"[4.0, 5.0, 25, 85]",6195200.0,12100,4,"[4.0, 4.0, 32, 128.0]",2239488.0,5832,4,"[3.0, 4.0, 42, 256.0]",4478976.0,10206,7,"[3.0, 4.0, 42, 256.0]",1557504.0,3380,5,"[3.0, 3.0, 56, 512.0]",3115008.0,6084.0,10,"[3.0, 3.0, 56, 512.0]",663552.0,1296.0,10,"[3.0, 3.0, 56, 512.0]",663552.0,1296.0,10,"[3.0, 3.0, 56, 512.0]",34507744.0,83262.0,60
42,372960.0,6216,2,"[4.0, 10.0, 3.0, 32]",12616704.0,24642,2,"[4.0, 4.0, 32, 64.0]",2365440.0,12320,8,"[4.0, 6.0, 21, 64]",6195200.0,12100,4,"[4.0, 4.0, 32, 128.0]",2239488.0,5832,4,"[3.0, 4.0, 42, 256.0]",6718464.0,14580,5,"[3.0, 3.0, 56, 256.0]",1557504.0,3380,5,"[3.0, 3.0, 56, 512.0]",3115008.0,6084.0,10,"[3.0, 3.0, 56, 512.0]",663552.0,1296.0,10,"[3.0, 3.0, 56, 512.0]",663552.0,1296.0,10,"[3.0, 3.0, 56, 512.0]",36507872.0,87746.0,60
43,372960.0,6216,2,"[4.0, 10.0, 3.0, 32]",10513920.0,24642,3,"[4.0, 5.0, 25, 64.0]",3097600.0,6050,2,"[4.0, 4.0, 32, 128.0]",6195200.0,12100,4,"[4.0, 4.0, 32, 128.0]",3359232.0,8748,3,"[3.0, 3.0, 56, 256.0]",6718464.0,14580,5,"[3.0, 3.0, 56, 256.0]",1557504.0,3380,5,"[3.0, 3.0, 56, 512.0]",3115008.0,6084.0,10,"[3.0, 3.0, 56, 512.0]",663552.0,1296.0,10,"[3.0, 3.0, 56, 512.0]",663552.0,1296.0,10,"[3.0, 3.0, 56, 512.0]",36256992.0,84392.0,54
44,372960.0,6216,2,"[4.0, 10.0, 3.0, 32]",10513920.0,24642,3,"[4.0, 5.0, 25, 64.0]",3097600.0,6050,2,"[4.0, 4.0, 32, 128.0]",6195200.0,12100,4,"[4.0, 4.0, 32, 128.0]",3359232.0,8748,3,"[3.0, 3.0, 56, 256.0]",4478976.0,10206,7,"[3.0, 4.0, 42, 256.0]",1557504.0,3380,5,"[3.0, 3.0, 56, 512.0]",3115008.0,6084.0,10,"[3.0, 3.0, 56, 512.0]",663552.0,1296.0,10,"[3.0, 3.0, 56, 512.0]",663552.0,1296.0,10,"[3.0, 3.0, 56, 512.0]",34017504.0,80018.0,56
45,372960.0,6216,2,"[4.0, 10.0, 3.0, 32]",10513920.0,24642,3,"[4.0, 5.0, 25, 64.0]",3097600.0,6050,2,"[4.0, 4.0, 32, 128.0]",6195200.0,12100,4,"[4.0, 4.0, 32, 128.0]",2239488.0,5832,4,"[3.0, 4.0, 42, 256.0]",6718464.0,14580,5,"[3.0, 3.0, 56, 256.0]",1557504.0,3380,5,"[3.0, 3.0, 56, 512.0]",3115008.0,6084.0,10,"[3.0, 3.0, 56, 512.0]",663552.0,1296.0,10,"[3.0, 3.0, 56, 512.0]",663552.0,1296.0,10,"[3.0, 3.0, 56, 512.0]",35137248.0,81476.0,55
46,372960.0,6216,2,"[4.0, 10.0, 3.0, 32]",10513920.0,24642,3,"[4.0, 5.0, 25, 64.0]",3097600.0,6050,2,"[4.0, 4.0, 32, 128.0]",6195200.0,12100,4,"[4.0, 4.0, 32, 128.0]",2239488.0,5832,4,"[3.0, 4.0, 42, 256.0]",4478976.0,10206,7,"[3.0, 4.0, 42, 256.0]",1557504.0,3380,5,"[3.0, 3.0, 56, 512.0]",3115008.0,6084.0,10,"[3.0, 3.0, 56, 512.0]",663552.0,1296.0,10,"[3.0, 3.0, 56, 512.0]",663552.0,1296.0,10,"[3.0, 3.0, 56, 512.0]",32897760.0,77102.0,57
47,372960.0,6216,2,"[4.0, 10.0, 3.0, 32]",10513920.0,24642,3,"[4.0, 5.0, 25, 64.0]",3097600.0,6050,2,"[4.0, 4.0, 32, 128.0]",6195200.0,12100,4,"[4.0, 4.0, 32, 128.0]",1492992.0,5832,8,"[4.0, 4.0, 32, 128]",6718464.0,14580,5,"[3.0, 3.0, 56, 256.0]",1557504.0,3380,5,"[3.0, 3.0, 56, 512.0]",3115008.0,6084.0,10,"[3.0, 3.0, 56, 512.0]",663552.0,1296.0,10,"[3.0, 3.0, 56, 512.0]",663552.0,1296.0,10,"[3.0, 3.0, 56, 512.0]",34390752.0,81476.0,59
48,372960.0,6216,2,"[4.0, 10.0, 3.0, 32]",10513920.0,24642,3,"[4.0, 5.0, 25, 64.0]",2604800.0,12210,6,"[4.0, 5.0, 25, 85]",6195200.0,12100,4,"[4.0, 4.0, 32, 128.0]",3359232.0,8748,3,"[3.0, 3.0, 56, 256.0]",4478976.0,10206,7,"[3.0, 4.0, 42, 256.0]",1557504.0,3380,5,"[3.0, 3.0, 56, 512.0]",3115008.0,6084.0,10,"[3.0, 3.0, 56, 512.0]",663552.0,1296.0,10,"[3.0, 3.0, 56, 512.0]",663552.0,1296.0,10,"[3.0, 3.0, 56, 512.0]",33524704.0,86178.0,60
49,372960.0,6216,2,"[4.0, 10.0, 3.0, 32]",10513920.0,24642,3,"[4.0, 5.0, 25, 64.0]",2604800.0,12210,6,"[4.0, 5.0, 25, 85]",6195200.0,12100,4,"[4.0, 4.0, 32, 128.0]",2239488.0,5832,4,"[3.0, 4.0, 42, 256.0]",6718464.0,14580,5,"[3.0, 3.0, 56, 256.0]",1557504.0,3380,5,"[3.0, 3.0, 56, 512.0]",3115008.0,6084.0,10,"[3.0, 3.0, 56, 512.0]",663552.0,1296.0,10,"[3.0, 3.0, 56, 512.0]",663552.0,1296.0,10,"[3.0, 3.0, 56, 512.0]",34644448.0,87636.0,59
50,372960.0,6216,2,"[4.0, 10.0, 3.0, 32]",9547776.0,24864,4,"[4.0, 6.0, 21, 64.0]",3097600.0,6050,2,"[4.0, 4.0, 32, 128.0]",6195200.0,12100,4,"[4.0, 4.0, 32, 128.0]",3359232.0,8748,3,"[3.0, 3.0, 56, 256.0]",6718464.0,14580,5,"[3.0, 3.0, 56, 256.0]",1557504.0,3380,5,"[3.0, 3.0, 56, 512.0]",3115008.0,6084.0,10,"[3.0, 3.0, 56, 512.0]",663552.0,1296.0,10,"[3.0, 3.0, 56, 512.0]",663552.0,1296.0,10,"[3.0, 3.0, 56, 512.0]",35290848.0,84614.0,55
51,372960.0,6216,2,"[4.0, 10.0, 3.0, 32]",9547776.0,24864,4,"[4.0, 6.0, 21, 64.0]",3097600.0,6050,2,"[4.0, 4.0, 32, 128.0]",6195200.0,12100,4,"[4.0, 4.0, 32, 128.0]",3359232.0,8748,3,"[3.0, 3.0, 56, 256.0]",4478976.0,10206,7,"[3.0, 4.0, 42, 256.0]",1557504.0,3380,5,"[3.0, 3.0, 56, 512.0]",3115008.0,6084.0,10,"[3.0, 3.0, 56, 512.0]",663552.0,1296.0,10,"[3.0, 3.0, 56, 512.0]",663552.0,1296.0,10,"[3.0, 3.0, 56, 512.0]",33051360.0,80240.0,57
52,372960.0,6216,2,"[4.0, 10.0, 3.0, 32]",9547776.0,24864,4,"[4.0, 6.0, 21, 64.0]",3097600.0,6050,2,"[4.0, 4.0, 32, 128.0]",6195200.0,12100,4,"[4.0, 4.0, 32, 128.0]",2239488.0,5832,4,"[3.0, 4.0, 42, 256.0]",6718464.0,14580,5,"[3.0, 3.0, 56, 256.0]",1557504.0,3380,5,"[3.0, 3.0, 56, 512.0]",3115008.0,6084.0,10,"[3.0, 3.0, 56, 512.0]",663552.0,1296.0,10,"[3.0, 3.0, 56, 512.0]",663552.0,1296.0,10,"[3.0, 3.0, 56, 512.0]",34171104.0,81698.0,56
53,372960.0,6216,2,"[4.0, 10.0, 3.0, 32]",9547776.0,24864,4,"[4.0, 6.0, 21, 64.0]",3097600.0,6050,2,"[4.0, 4.0, 32, 128.0]",6195200.0,12100,4,"[4.0, 4.0, 32, 128.0]",2239488.0,5832,4,"[3.0, 4.0, 42, 256.0]",4478976.0,10206,7,"[3.0, 4.0, 42, 256.0]",1557504.0,3380,5,"[3.0, 3.0, 56, 512.0]",3115008.0,6084.0,10,"[3.0, 3.0, 56, 512.0]",663552.0,1296.0,10,"[3.0, 3.0, 56, 512.0]",663552.0,1296.0,10,"[3.0, 3.0, 56, 512.0]",31931616.0,77324.0,58
54,372960.0,6216,2,"[4.0, 10.0, 3.0, 32]",9547776.0,24864,4,"[4.0, 6.0, 21, 64.0]",3097600.0,6050,2,"[4.0, 4.0, 32, 128.0]",6195200.0,12100,4,"[4.0, 4.0, 32, 128.0]",1492992.0,5832,8,"[4.0, 4.0, 32, 128]",6718464.0,14580,5,"[3.0, 3.0, 56, 256.0]",1557504.0,3380,5,"[3.0, 3.0, 56, 512.0]",3115008.0,6084.0,10,"[3.0, 3.0, 56, 512.0]",663552.0,1296.0,10,"[3.0, 3.0, 56, 512.0]",663552.0,1296.0,10,"[3.0, 3.0, 56, 512.0]",33424608.0,81698.0,60
55,372960.0,6216,2,"[4.0, 10.0, 3.0, 32]",9547776.0,24864,4,"[4.0, 6.0, 21, 64.0]",2604800.0,12210,6,"[4.0, 5.0, 25, 85]",6195200.0,12100,4,"[4.0, 4.0, 32, 128.0]",2239488.0,5832,4,"[3.0, 4.0, 42, 256.0]",6718464.0,14580,5,"[3.0, 3.0, 56, 256.0]",1557504.0,3380,5,"[3.0, 3.0, 56, 512.0]",3115008.0,6084.0,10,"[3.0, 3.0, 56, 512.0]",663552.0,1296.0,10,"[3.0, 3.0, 56, 512.0]",663552.0,1296.0,10,"[3.0, 3.0, 56, 512.0]",33678304.0,87858.0,60
56,372960.0,6216,2,"[4.0, 10.0, 3.0, 32]",8411136.0,32856,8,"[4.0, 8.0, 16, 42]",3097600.0,6050,2,"[4.0, 4.0, 32, 128.0]",6195200.0,12100,4,"[4.0, 4.0, 32, 128.0]",2239488.0,5832,4,"[3.0, 4.0, 42, 256.0]",6718464.0,14580,5,"[3.0, 3.0, 56, 256.0]",1557504.0,3380,5,"[3.0, 3.0, 56, 512.0]",3115008.0,6084.0,10,"[3.0, 3.0, 56, 512.0]",663552.0,1296.0,10,"[3.0, 3.0, 56, 512.0]",663552.0,1296.0,10,"[3.0, 3.0, 56, 512.0]",33034464.0,89690.0,60
57,372960.0,6216,2,"[4.0, 10.0, 3.0, 32]",7956480.0,33152,8,"[5.0, 6.0, 17, 42]",3097600.0,6050,2,"[4.0, 4.0, 32, 128.0]",6195200.0,12100,4,"[4.0, 4.0, 32, 128.0]",2239488.0,5832,4,"[3.0, 4.0, 42, 256.0]",6718464.0,14580,5,"[3.0, 3.0, 56, 256.0]",1557504.0,3380,5,"[3.0, 3.0, 56, 512.0]",3115008.0,6084.0,10,"[3.0, 3.0, 56, 512.0]",663552.0,1296.0,10,"[3.0, 3.0, 56, 512.0]",663552.0,1296.0,10,"[3.0, 3.0, 56, 512.0]",32579808.0,89986.0,60
58,338688.0,6272,2,"[6.0, 6.0, 3.0, 32]",12616704.0,24642,2,"[4.0, 4.0, 32, 64.0]",3097600.0,6050,2,"[4.0, 4.0, 32, 128.0]",6195200.0,12100,4,"[4.0, 4.0, 32, 128.0]",3359232.0,8748,3,"[3.0, 3.0, 56, 256.0]",6718464.0,14580,5,"[3.0, 3.0, 56, 256.0]",1557504.0,3380,5,"[3.0, 3.0, 56, 512.0]",3115008.0,6084.0,10,"[3.0, 3.0, 56, 512.0]",663552.0,1296.0,10,"[3.0, 3.0, 56, 512.0]",663552.0,1296.0,10,"[3.0, 3.0, 56, 512.0]",38325504.0,84448.0,53
59,338688.0,6272,2,"[6.0, 6.0, 3.0, 32]",12616704.0,24642,2,"[4.0, 4.0, 32, 64.0]",3097600.0,6050,2,"[4.0, 4.0, 32, 128.0]",6195200.0,12100,4,"[4.0, 4.0, 32, 128.0]",3359232.0,8748,3,"[3.0, 3.0, 56, 256.0]",4478976.0,10206,7,"[3.0, 4.0, 42, 256.0]",1557504.0,3380,5,"[3.0, 3.0, 56, 512.0]",3115008.0,6084.0,10,"[3.0, 3.0, 56, 512.0]",663552.0,1296.0,10,"[3.0, 3.0, 56, 512.0]",663552.0,1296.0,10,"[3.0, 3.0, 56, 512.0]",36086016.0,80074.0,55
60,338688.0,6272,2,"[6.0, 6.0, 3.0, 32]",12616704.0,24642,2,"[4.0, 4.0, 32, 64.0]",3097600.0,6050,2,"[4.0, 4.0, 32, 128.0]",6195200.0,12100,4,"[4.0, 4.0, 32, 128.0]",2239488.0,5832,4,"[3.0, 4.0, 42, 256.0]",6718464.0,14580,5,"[3.0, 3.0, 56, 256.0]",1557504.0,3380,5,"[3.0, 3.0, 56, 512.0]",3115008.0,6084.0,10,"[3.0, 3.0, 56, 512.0]",663552.0,1296.0,10,"[3.0, 3.0, 56, 512.0]",663552.0,1296.0,10,"[3.0, 3.0, 56, 512.0]",37205760.0,81532.0,54
61,338688.0,6272,2,"[6.0, 6.0, 3.0, 32]",12616704.0,24642,2,"[4.0, 4.0, 32, 64.0]",3097600.0,6050,2,"[4.0, 4.0, 32, 128.0]",6195200.0,12100,4,"[4.0, 4.0, 32, 128.0]",2239488.0,5832,4,"[3.0, 4.0, 42, 256.0]",4478976.0,10206,7,"[3.0, 4.0, 42, 256.0]",1557504.0,3380,5,"[3.0, 3.0, 56, 512.0]",3115008.0,6084.0,10,"[3.0, 3.0, 56, 512.0]",663552.0,1296.0,10,"[3.0, 3.0, 56, 512.0]",663552.0,1296.0,10,"[3.0, 3.0, 56, 512.0]",34966272.0,77158.0,56
62,338688.0,6272,2,"[6.0, 6.0, 3.0, 32]",12616704.0,24642,2,"[4.0, 4.0, 32, 64.0]",3097600.0,6050,2,"[4.0, 4.0, 32, 128.0]",6195200.0,12100,4,"[4.0, 4.0, 32, 128.0]",1492992.0,5832,8,"[4.0, 4.0, 32, 128]",6718464.0,14580,5,"[3.0, 3.0, 56, 256.0]",1557504.0,3380,5,"[3.0, 3.0, 56, 512.0]",3115008.0,6084.0,10,"[3.0, 3.0, 56, 512.0]",663552.0,1296.0,10,"[3.0, 3.0, 56, 512.0]",663552.0,1296.0,10,"[3.0, 3.0, 56, 512.0]",36459264.0,81532.0,58
63,338688.0,6272,2,"[6.0, 6.0, 3.0, 32]",12616704.0,24642,2,"[4.0, 4.0, 32, 64.0]",3097600.0,6050,2,"[4.0, 4.0, 32, 128.0]",6195200.0,12100,4,"[4.0, 4.0, 32, 128.0]",1492992.0,5832,8,"[4.0, 4.0, 32, 128]",4478976.0,10206,7,"[3.0, 4.0, 42, 256.0]",1557504.0,3380,5,"[3.0, 3.0, 56, 512.0]",3115008.0,6084.0,10,"[3.0, 3.0, 56, 512.0]",663552.0,1296.0,10,"[3.0, 3.0, 56, 512.0]",663552.0,1296.0,10,"[3.0, 3.0, 56, 512.0]",34219776.0,77158.0,60
64,338688.0,6272,2,"[6.0, 6.0, 3.0, 32]",12616704.0,24642,2,"[4.0, 4.0, 32, 64.0]",2604800.0,12210,6,"[4.0, 5.0, 25, 85]",6195200.0,12100,4,"[4.0, 4.0, 32, 128.0]",3359232.0,8748,3,"[3.0, 3.0, 56, 256.0]",4478976.0,10206,7,"[3.0, 4.0, 42, 256.0]",1557504.0,3380,5,"[3.0, 3.0, 56, 512.0]",3115008.0,6084.0,10,"[3.0, 3.0, 56, 512.0]",663552.0,1296.0,10,"[3.0, 3.0, 56, 512.0]",663552.0,1296.0,10,"[3.0, 3.0, 56, 512.0]",35593216.0,86234.0,59
65,338688.0,6272,2,"[6.0, 6.0, 3.0, 32]",12616704.0,24642,2,"[4.0, 4.0, 32, 64.0]",2604800.0,12210,6,"[4.0, 5.0, 25, 85]",6195200.0,12100,4,"[4.0, 4.0, 32, 128.0]",2239488.0,5832,4,"[3.0, 4.0, 42, 256.0]",6718464.0,14580,5,"[3.0, 3.0, 56, 256.0]",1557504.0,3380,5,"[3.0, 3.0, 56, 512.0]",3115008.0,6084.0,10,"[3.0, 3.0, 56, 512.0]",663552.0,1296.0,10,"[3.0, 3.0, 56, 512.0]",663552.0,1296.0,10,"[3.0, 3.0, 56, 512.0]",36712960.0,87692.0,58
66,338688.0,6272,2,"[6.0, 6.0, 3.0, 32]",12616704.0,24642,2,"[4.0, 4.0, 32, 64.0]",2604800.0,12210,6,"[4.0, 5.0, 25, 85]",6195200.0,12100,4,"[4.0, 4.0, 32, 128.0]",2239488.0,5832,4,"[3.0, 4.0, 42, 256.0]",4478976.0,10206,7,"[3.0, 4.0, 42, 256.0]",1557504.0,3380,5,"[3.0, 3.0, 56, 512.0]",3115008.0,6084.0,10,"[3.0, 3.0, 56, 512.0]",663552.0,1296.0,10,"[3.0, 3.0, 56, 512.0]",663552.0,1296.0,10,"[3.0, 3.0, 56, 512.0]",34473472.0,83318.0,60
67,338688.0,6272,2,"[6.0, 6.0, 3.0, 32]",12616704.0,24642,2,"[4.0, 4.0, 32, 64.0]",2365440.0,12320,8,"[4.0, 6.0, 21, 64]",6195200.0,12100,4,"[4.0, 4.0, 32, 128.0]",2239488.0,5832,4,"[3.0, 4.0, 42, 256.0]",6718464.0,14580,5,"[3.0, 3.0, 56, 256.0]",1557504.0,3380,5,"[3.0, 3.0, 56, 512.0]",3115008.0,6084.0,10,"[3.0, 3.0, 56, 512.0]",663552.0,1296.0,10,"[3.0, 3.0, 56, 512.0]",663552.0,1296.0,10,"[3.0, 3.0, 56, 512.0]",36473600.0,87802.0,60
68,338688.0,6272,2,"[6.0, 6.0, 3.0, 32]",10513920.0,24642,3,"[4.0, 5.0, 25, 64.0]",3097600.0,6050,2,"[4.0, 4.0, 32, 128.0]",6195200.0,12100,4,"[4.0, 4.0, 32, 128.0]",3359232.0,8748,3,"[3.0, 3.0, 56, 256.0]",6718464.0,14580,5,"[3.0, 3.0, 56, 256.0]",1557504.0,3380,5,"[3.0, 3.0, 56, 512.0]",3115008.0,6084.0,10,"[3.0, 3.0, 56, 512.0]",663552.0,1296.0,10,"[3.0, 3.0, 56, 512.0]",663552.0,1296.0,10,"[3.0, 3.0, 56, 512.0]",36222720.0,84448.0,54
69,338688.0,6272,2,"[6.0, 6.0, 3.0, 32]",10513920.0,24642,3,"[4.0, 5.0, 25, 64.0]",3097600.0,6050,2,"[4.0, 4.0, 32, 128.0]",6195200.0,12100,4,"[4.0, 4.0, 32, 128.0]",3359232.0,8748,3,"[3.0, 3.0, 56, 256.0]",4478976.0,10206,7,"[3.0, 4.0, 42, 256.0]",1557504.0,3380,5,"[3.0, 3.0, 56, 512.0]",3115008.0,6084.0,10,"[3.0, 3.0, 56, 512.0]",663552.0,1296.0,10,"[3.0, 3.0, 56, 512.0]",663552.0,1296.0,10,"[3.0, 3.0, 56, 512.0]",33983232.0,80074.0,56
70,338688.0,6272,2,"[6.0, 6.0, 3.0, 32]",10513920.0,24642,3,"[4.0, 5.0, 25, 64.0]",3097600.0,6050,2,"[4.0, 4.0, 32, 128.0]",6195200.0,12100,4,"[4.0, 4.0, 32, 128.0]",2239488.0,5832,4,"[3.0, 4.0, 42, 256.0]",6718464.0,14580,5,"[3.0, 3.0, 56, 256.0]",1557504.0,3380,5,"[3.0, 3.0, 56, 512.0]",3115008.0,6084.0,10,"[3.0, 3.0, 56, 512.0]",663552.0,1296.0,10,"[3.0, 3.0, 56, 512.0]",663552.0,1296.0,10,"[3.0, 3.0, 56, 512.0]",35102976.0,81532.0,55
71,338688.0,6272,2,"[6.0, 6.0, 3.0, 32]",10513920.0,24642,3,"[4.0, 5.0, 25, 64.0]",3097600.0,6050,2,"[4.0, 4.0, 32, 128.0]",6195200.0,12100,4,"[4.0, 4.0, 32, 128.0]",2239488.0,5832,4,"[3.0, 4.0, 42, 256.0]",4478976.0,10206,7,"[3.0, 4.0, 42, 256.0]",1557504.0,3380,5,"[3.0, 3.0, 56, 512.0]",3115008.0,6084.0,10,"[3.0, 3.0, 56, 512.0]",663552.0,1296.0,10,"[3.0, 3.0, 56, 512.0]",663552.0,1296.0,10,"[3.0, 3.0, 56, 512.0]",32863488.0,77158.0,57
72,338688.0,6272,2,"[6.0, 6.0, 3.0, 32]",10513920.0,24642,3,"[4.0, 5.0, 25, 64.0]",3097600.0,6050,2,"[4.0, 4.0, 32, 128.0]",6195200.0,12100,4,"[4.0, 4.0, 32, 128.0]",1492992.0,5832,8,"[4.0, 4.0, 32, 128]",6718464.0,14580,5,"[3.0, 3.0, 56, 256.0]",1557504.0,3380,5,"[3.0, 3.0, 56, 512.0]",3115008.0,6084.0,10,"[3.0, 3.0, 56, 512.0]",663552.0,1296.0,10,"[3.0, 3.0, 56, 512.0]",663552.0,1296.0,10,"[3.0, 3.0, 56, 512.0]",34356480.0,81532.0,59
73,338688.0,6272,2,"[6.0, 6.0, 3.0, 32]",10513920.0,24642,3,"[4.0, 5.0, 25, 64.0]",2604800.0,12210,6,"[4.0, 5.0, 25, 85]",6195200.0,12100,4,"[4.0, 4.0, 32, 128.0]",3359232.0,8748,3,"[3.0, 3.0, 56, 256.0]",4478976.0,10206,7,"[3.0, 4.0, 42, 256.0]",1557504.0,3380,5,"[3.0, 3.0, 56, 512.0]",3115008.0,6084.0,10,"[3.0, 3.0, 56, 512.0]",663552.0,1296.0,10,"[3.0, 3.0, 56, 512.0]",663552.0,1296.0,10,"[3.0, 3.0, 56, 512.0]",33490432.0,86234.0,60
74,338688.0,6272,2,"[6.0, 6.0, 3.0, 32]",10513920.0,24642,3,"[4.0, 5.0, 25, 64.0]",2604800.0,12210,6,"[4.0, 5.0, 25, 85]",6195200.0,12100,4,"[4.0, 4.0, 32, 128.0]",2239488.0,5832,4,"[3.0, 4.0, 42, 256.0]",6718464.0,14580,5,"[3.0, 3.0, 56, 256.0]",1557504.0,3380,5,"[3.0, 3.0, 56, 512.0]",3115008.0,6084.0,10,"[3.0, 3.0, 56, 512.0]",663552.0,1296.0,10,"[3.0, 3.0, 56, 512.0]",663552.0,1296.0,10,"[3.0, 3.0, 56, 512.0]",34610176.0,87692.0,59
75,338688.0,6272,2,"[6.0, 6.0, 3.0, 32]",9547776.0,24864,4,"[4.0, 6.0, 21, 64.0]",3097600.0,6050,2,"[4.0, 4.0, 32, 128.0]",6195200.0,12100,4,"[4.0, 4.0, 32, 128.0]",3359232.0,8748,3,"[3.0, 3.0, 56, 256.0]",6718464.0,14580,5,"[3.0, 3.0, 56, 256.0]",1557504.0,3380,5,"[3.0, 3.0, 56, 512.0]",3115008.0,6084.0,10,"[3.0, 3.0, 56, 512.0]",663552.0,1296.0,10,"[3.0, 3.0, 56, 512.0]",663552.0,1296.0,10,"[3.0, 3.0, 56, 512.0]",35256576.0,84670.0,55
76,338688.0,6272,2,"[6.0, 6.0, 3.0, 32]",9547776.0,24864,4,"[4.0, 6.0, 21, 64.0]",3097600.0,6050,2,"[4.0, 4.0, 32, 128.0]",6195200.0,12100,4,"[4.0, 4.0, 32, 128.0]",3359232.0,8748,3,"[3.0, 3.0, 56, 256.0]",4478976.0,10206,7,"[3.0, 4.0, 42, 256.0]",1557504.0,3380,5,"[3.0, 3.0, 56, 512.0]",3115008.0,6084.0,10,"[3.0, 3.0, 56, 512.0]",663552.0,1296.0,10,"[3.0, 3.0, 56, 512.0]",663552.0,1296.0,10,"[3.0, 3.0, 56, 512.0]",33017088.0,80296.0,57
77,338688.0,6272,2,"[6.0, 6.0, 3.0, 32]",9547776.0,24864,4,"[4.0, 6.0, 21, 64.0]",3097600.0,6050,2,"[4.0, 4.0, 32, 128.0]",6195200.0,12100,4,"[4.0, 4.0, 32, 128.0]",2239488.0,5832,4,"[3.0, 4.0, 42, 256.0]",6718464.0,14580,5,"[3.0, 3.0, 56, 256.0]",1557504.0,3380,5,"[3.0, 3.0, 56, 512.0]",3115008.0,6084.0,10,"[3.0, 3.0, 56, 512.0]",663552.0,1296.0,10,"[3.0, 3.0, 56, 512.0]",663552.0,1296.0,10,"[3.0, 3.0, 56, 512.0]",34136832.0,81754.0,56
78,338688.0,6272,2,"[6.0, 6.0, 3.0, 32]",9547776.0,24864,4,"[4.0, 6.0, 21, 64.0]",3097600.0,6050,2,"[4.0, 4.0, 32, 128.0]",6195200.0,12100,4,"[4.0, 4.0, 32, 128.0]",2239488.0,5832,4,"[3.0, 4.0, 42, 256.0]",4478976.0,10206,7,"[3.0, 4.0, 42, 256.0]",1557504.0,3380,5,"[3.0, 3.0, 56, 512.0]",3115008.0,6084.0,10,"[3.0, 3.0, 56, 512.0]",663552.0,1296.0,10,"[3.0, 3.0, 56, 512.0]",663552.0,1296.0,10,"[3.0, 3.0, 56, 512.0]",31897344.0,77380.0,58
79,338688.0,6272,2,"[6.0, 6.0, 3.0, 32]",9547776.0,24864,4,"[4.0, 6.0, 21, 64.0]",3097600.0,6050,2,"[4.0, 4.0, 32, 128.0]",6195200.0,12100,4,"[4.0, 4.0, 32, 128.0]",1492992.0,5832,8,"[4.0, 4.0, 32, 128]",6718464.0,14580,5,"[3.0, 3.0, 56, 256.0]",1557504.0,3380,5,"[3.0, 3.0, 56, 512.0]",3115008.0,6084.0,10,"[3.0, 3.0, 56, 512.0]",663552.0,1296.0,10,"[3.0, 3.0, 56, 512.0]",663552.0,1296.0,10,"[3.0, 3.0, 56, 512.0]",33390336.0,81754.0,60
80,338688.0,6272,2,"[6.0, 6.0, 3.0, 32]",9547776.0,24864,4,"[4.0, 6.0, 21, 64.0]",2604800.0,12210,6,"[4.0, 5.0, 25, 85]",6195200.0,12100,4,"[4.0, 4.0, 32, 128.0]",2239488.0,5832,4,"[3.0, 4.0, 42, 256.0]",6718464.0,14580,5,"[3.0, 3.0, 56, 256.0]",1557504.0,3380,5,"[3.0, 3.0, 56, 512.0]",3115008.0,6084.0,10,"[3.0, 3.0, 56, 512.0]",663552.0,1296.0,10,"[3.0, 3.0, 56, 512.0]",663552.0,1296.0,10,"[3.0, 3.0, 56, 512.0]",33644032.0,87914.0,60
81,338688.0,6272,2,"[6.0, 6.0, 3.0, 32]",8411136.0,32856,8,"[4.0, 8.0, 16, 42]",3097600.0,6050,2,"[4.0, 4.0, 32, 128.0]",6195200.0,12100,4,"[4.0, 4.0, 32, 128.0]",2239488.0,5832,4,"[3.0, 4.0, 42, 256.0]",6718464.0,14580,5,"[3.0, 3.0, 56, 256.0]",1557504.0,3380,5,"[3.0, 3.0, 56, 512.0]",3115008.0,6084.0,10,"[3.0, 3.0, 56, 512.0]",663552.0,1296.0,10,"[3.0, 3.0, 56, 512.0]",663552.0,1296.0,10,"[3.0, 3.0, 56, 512.0]",33000192.0,89746.0,60
82,319680.0,7104,3,"[5.0, 9.0, 3.0, 24]",12616704.0,24642,2,"[4.0, 4.0, 32, 64.0]",3097600.0,6050,2,"[4.0, 4.0, 32, 128.0]",6195200.0,12100,4,"[4.0, 4.0, 32, 128.0]",3359232.0,8748,3,"[3.0, 3.0, 56, 256.0]",6718464.0,14580,5,"[3.0, 3.0, 56, 256.0]",1557504.0,3380,5,"[3.0, 3.0, 56, 512.0]",3115008.0,6084.0,10,"[3.0, 3.0, 56, 512.0]",663552.0,1296.0,10,"[3.0, 3.0, 56, 512.0]",663552.0,1296.0,10,"[3.0, 3.0, 56, 512.0]",38306496.0,85280.0,54
83,319680.0,7104,3,"[5.0, 9.0, 3.0, 24]",12616704.0,24642,2,"[4.0, 4.0, 32, 64.0]",3097600.0,6050,2,"[4.0, 4.0, 32, 128.0]",6195200.0,12100,4,"[4.0, 4.0, 32, 128.0]",3359232.0,8748,3,"[3.0, 3.0, 56, 256.0]",4478976.0,10206,7,"[3.0, 4.0, 42, 256.0]",1557504.0,3380,5,"[3.0, 3.0, 56, 512.0]",3115008.0,6084.0,10,"[3.0, 3.0, 56, 512.0]",663552.0,1296.0,10,"[3.0, 3.0, 56, 512.0]",663552.0,1296.0,10,"[3.0, 3.0, 56, 512.0]",36067008.0,80906.0,56
84,319680.0,7104,3,"[5.0, 9.0, 3.0, 24]",12616704.0,24642,2,"[4.0, 4.0, 32, 64.0]",3097600.0,6050,2,"[4.0, 4.0, 32, 128.0]",6195200.0,12100,4,"[4.0, 4.0, 32, 128.0]",2239488.0,5832,4,"[3.0, 4.0, 42, 256.0]",6718464.0,14580,5,"[3.0, 3.0, 56, 256.0]",1557504.0,3380,5,"[3.0, 3.0, 56, 512.0]",3115008.0,6084.0,10,"[3.0, 3.0, 56, 512.0]",663552.0,1296.0,10,"[3.0, 3.0, 56, 512.0]",663552.0,1296.0,10,"[3.0, 3.0, 56, 512.0]",37186752.0,82364.0,55
85,319680.0,7104,3,"[5.0, 9.0, 3.0, 24]",12616704.0,24642,2,"[4.0, 4.0, 32, 64.0]",3097600.0,6050,2,"[4.0, 4.0, 32, 128.0]",6195200.0,12100,4,"[4.0, 4.0, 32, 128.0]",2239488.0,5832,4,"[3.0, 4.0, 42, 256.0]",4478976.0,10206,7,"[3.0, 4.0, 42, 256.0]",1557504.0,3380,5,"[3.0, 3.0, 56, 512.0]",3115008.0,6084.0,10,"[3.0, 3.0, 56, 512.0]",663552.0,1296.0,10,"[3.0, 3.0, 56, 512.0]",663552.0,1296.0,10,"[3.0, 3.0, 56, 512.0]",34947264.0,77990.0,57
86,319680.0,7104,3,"[5.0, 9.0, 3.0, 24]",12616704.0,24642,2,"[4.0, 4.0, 32, 64.0]",3097600.0,6050,2,"[4.0, 4.0, 32, 128.0]",6195200.0,12100,4,"[4.0, 4.0, 32, 128.0]",1492992.0,5832,8,"[4.0, 4.0, 32, 128]",6718464.0,14580,5,"[3.0, 3.0, 56, 256.0]",1557504.0,3380,5,"[3.0, 3.0, 56, 512.0]",3115008.0,6084.0,10,"[3.0, 3.0, 56, 512.0]",663552.0,1296.0,10,"[3.0, 3.0, 56, 512.0]",663552.0,1296.0,10,"[3.0, 3.0, 56, 512.0]",36440256.0,82364.0,59
87,319680.0,7104,3,"[5.0, 9.0, 3.0, 24]",12616704.0,24642,2,"[4.0, 4.0, 32, 64.0]",2604800.0,12210,6,"[4.0, 5.0, 25, 85]",6195200.0,12100,4,"[4.0, 4.0, 32, 128.0]",3359232.0,8748,3,"[3.0, 3.0, 56, 256.0]",4478976.0,10206,7,"[3.0, 4.0, 42, 256.0]",1557504.0,3380,5,"[3.0, 3.0, 56, 512.0]",3115008.0,6084.0,10,"[3.0, 3.0, 56, 512.0]",663552.0,1296.0,10,"[3.0, 3.0, 56, 512.0]",663552.0,1296.0,10,"[3.0, 3.0, 56, 512.0]",35574208.0,87066.0,60
88,319680.0,7104,3,"[5.0, 9.0, 3.0, 24]",12616704.0,24642,2,"[4.0, 4.0, 32, 64.0]",2604800.0,12210,6,"[4.0, 5.0, 25, 85]",6195200.0,12100,4,"[4.0, 4.0, 32, 128.0]",2239488.0,5832,4,"[3.0, 4.0, 42, 256.0]",6718464.0,14580,5,"[3.0, 3.0, 56, 256.0]",1557504.0,3380,5,"[3.0, 3.0, 56, 512.0]",3115008.0,6084.0,10,"[3.0, 3.0, 56, 512.0]",663552.0,1296.0,10,"[3.0, 3.0, 56, 512.0]",663552.0,1296.0,10,"[3.0, 3.0, 56, 512.0]",36693952.0,88524.0,59
89,319680.0,7104,3,"[5.0, 9.0, 3.0, 24]",10513920.0,24642,3,"[4.0, 5.0, 25, 64.0]",3097600.0,6050,2,"[4.0, 4.0, 32, 128.0]",6195200.0,12100,4,"[4.0, 4.0, 32, 128.0]",3359232.0,8748,3,"[3.0, 3.0, 56, 256.0]",6718464.0,14580,5,"[3.0, 3.0, 56, 256.0]",1557504.0,3380,5,"[3.0, 3.0, 56, 512.0]",3115008.0,6084.0,10,"[3.0, 3.0, 56, 512.0]",663552.0,1296.0,10,"[3.0, 3.0, 56, 512.0]",663552.0,1296.0,10,"[3.0, 3.0, 56, 512.0]",36203712.0,85280.0,55
90,319680.0,7104,3,"[5.0, 9.0, 3.0, 24]",10513920.0,24642,3,"[4.0, 5.0, 25, 64.0]",3097600.0,6050,2,"[4.0, 4.0, 32, 128.0]",6195200.0,12100,4,"[4.0, 4.0, 32, 128.0]",3359232.0,8748,3,"[3.0, 3.0, 56, 256.0]",4478976.0,10206,7,"[3.0, 4.0, 42, 256.0]",1557504.0,3380,5,"[3.0, 3.0, 56, 512.0]",3115008.0,6084.0,10,"[3.0, 3.0, 56, 512.0]",663552.0,1296.0,10,"[3.0, 3.0, 56, 512.0]",663552.0,1296.0,10,"[3.0, 3.0, 56, 512.0]",33964224.0,80906.0,57
91,319680.0,7104,3,"[5.0, 9.0, 3.0, 24]",10513920.0,24642,3,"[4.0, 5.0, 25, 64.0]",3097600.0,6050,2,"[4.0, 4.0, 32, 128.0]",6195200.0,12100,4,"[4.0, 4.0, 32, 128.0]",2239488.0,5832,4,"[3.0, 4.0, 42, 256.0]",6718464.0,14580,5,"[3.0, 3.0, 56, 256.0]",1557504.0,3380,5,"[3.0, 3.0, 56, 512.0]",3115008.0,6084.0,10,"[3.0, 3.0, 56, 512.0]",663552.0,1296.0,10,"[3.0, 3.0, 56, 512.0]",663552.0,1296.0,10,"[3.0, 3.0, 56, 512.0]",35083968.0,82364.0,56
92,319680.0,7104,3,"[5.0, 9.0, 3.0, 24]",10513920.0,24642,3,"[4.0, 5.0, 25, 64.0]",3097600.0,6050,2,"[4.0, 4.0, 32, 128.0]",6195200.0,12100,4,"[4.0, 4.0, 32, 128.0]",2239488.0,5832,4,"[3.0, 4.0, 42, 256.0]",4478976.0,10206,7,"[3.0, 4.0, 42, 256.0]",1557504.0,3380,5,"[3.0, 3.0, 56, 512.0]",3115008.0,6084.0,10,"[3.0, 3.0, 56, 512.0]",663552.0,1296.0,10,"[3.0, 3.0, 56, 512.0]",663552.0,1296.0,10,"[3.0, 3.0, 56, 512.0]",32844480.0,77990.0,58
93,319680.0,7104,3,"[5.0, 9.0, 3.0, 24]",10513920.0,24642,3,"[4.0, 5.0, 25, 64.0]",3097600.0,6050,2,"[4.0, 4.0, 32, 128.0]",6195200.0,12100,4,"[4.0, 4.0, 32, 128.0]",1492992.0,5832,8,"[4.0, 4.0, 32, 128]",6718464.0,14580,5,"[3.0, 3.0, 56, 256.0]",1557504.0,3380,5,"[3.0, 3.0, 56, 512.0]",3115008.0,6084.0,10,"[3.0, 3.0, 56, 512.0]",663552.0,1296.0,10,"[3.0, 3.0, 56, 512.0]",663552.0,1296.0,10,"[3.0, 3.0, 56, 512.0]",34337472.0,82364.0,60
94,319680.0,7104,3,"[5.0, 9.0, 3.0, 24]",10513920.0,24642,3,"[4.0, 5.0, 25, 64.0]",2604800.0,12210,6,"[4.0, 5.0, 25, 85]",6195200.0,12100,4,"[4.0, 4.0, 32, 128.0]",2239488.0,5832,4,"[3.0, 4.0, 42, 256.0]",6718464.0,14580,5,"[3.0, 3.0, 56, 256.0]",1557504.0,3380,5,"[3.0, 3.0, 56, 512.0]",3115008.0,6084.0,10,"[3.0, 3.0, 56, 512.0]",663552.0,1296.0,10,"[3.0, 3.0, 56, 512.0]",663552.0,1296.0,10,"[3.0, 3.0, 56, 512.0]",34591168.0,88524.0,60
95,319680.0,7104,3,"[5.0, 9.0, 3.0, 24]",9547776.0,24864,4,"[4.0, 6.0, 21, 64.0]",3097600.0,6050,2,"[4.0, 4.0, 32, 128.0]",6195200.0,12100,4,"[4.0, 4.0, 32, 128.0]",3359232.0,8748,3,"[3.0, 3.0, 56, 256.0]",6718464.0,14580,5,"[3.0, 3.0, 56, 256.0]",1557504.0,3380,5,"[3.0, 3.0, 56, 512.0]",3115008.0,6084.0,10,"[3.0, 3.0, 56, 512.0]",663552.0,1296.0,10,"[3.0, 3.0, 56, 512.0]",663552.0,1296.0,10,"[3.0, 3.0, 56, 512.0]",35237568.0,85502.0,56
96,319680.0,7104,3,"[5.0, 9.0, 3.0, 24]",9547776.0,24864,4,"[4.0, 6.0, 21, 64.0]",3097600.0,6050,2,"[4.0, 4.0, 32, 128.0]",6195200.0,12100,4,"[4.0, 4.0, 32, 128.0]",3359232.0,8748,3,"[3.0, 3.0, 56, 256.0]",4478976.0,10206,7,"[3.0, 4.0, 42, 256.0]",1557504.0,3380,5,"[3.0, 3.0, 56, 512.0]",3115008.0,6084.0,10,"[3.0, 3.0, 56, 512.0]",663552.0,1296.0,10,"[3.0, 3.0, 56, 512.0]",663552.0,1296.0,10,"[3.0, 3.0, 56, 512.0]",32998080.0,81128.0,58
97,319680.0,7104,3,"[5.0, 9.0, 3.0, 24]",9547776.0,24864,4,"[4.0, 6.0, 21, 64.0]",3097600.0,6050,2,"[4.0, 4.0, 32, 128.0]",6195200.0,12100,4,"[4.0, 4.0, 32, 128.0]",2239488.0,5832,4,"[3.0, 4.0, 42, 256.0]",6718464.0,14580,5,"[3.0, 3.0, 56, 256.0]",1557504.0,3380,5,"[3.0, 3.0, 56, 512.0]",3115008.0,6084.0,10,"[3.0, 3.0, 56, 512.0]",663552.0,1296.0,10,"[3.0, 3.0, 56, 512.0]",663552.0,1296.0,10,"[3.0, 3.0, 56, 512.0]",34117824.0,82586.0,57
98,319680.0,7104,3,"[5.0, 9.0, 3.0, 24]",9547776.0,24864,4,"[4.0, 6.0, 21, 64.0]",3097600.0,6050,2,"[4.0, 4.0, 32, 128.0]",6195200.0,12100,4,"[4.0, 4.0, 32, 128.0]",2239488.0,5832,4,"[3.0, 4.0, 42, 256.0]",4478976.0,10206,7,"[3.0, 4.0, 42, 256.0]",1557504.0,3380,5,"[3.0, 3.0, 56, 512.0]",3115008.0,6084.0,10,"[3.0, 3.0, 56, 512.0]",663552.0,1296.0,10,"[3.0, 3.0, 56, 512.0]",663552.0,1296.0,10,"[3.0, 3.0, 56, 512.0]",31878336.0,78212.0,59
99,317520.0,7560,3,"[6.0, 7.0, 3.0, 25]",12616704.0,24642,2,"[4.0, 4.0, 32, 64.0]",3097600.0,6050,2,"[4.0, 4.0, 32, 128.0]",6195200.0,12100,4,"[4.0, 4.0, 32, 128.0]",3359232.0,8748,3,"[3.0, 3.0, 56, 256.0]",6718464.0,14580,5,"[3.0, 3.0, 56, 256.0]",1557504.0,3380,5,"[3.0, 3.0, 56, 512.0]",3115008.0,6084.0,10,"[3.0, 3.0, 56, 512.0]",663552.0,1296.0,10,"[3.0, 3.0, 56, 512.0]",663552.0,1296.0,10,"[3.0, 3.0, 56, 512.0]",38304336.0,85736.0,54
100,317520.0,7560,3,"[6.0, 7.0, 3.0, 25]",12616704.0,24642,2,"[4.0, 4.0, 32, 64.0]",3097600.0,6050,2,"[4.0, 4.0, 32, 128.0]",6195200.0,12100,4,"[4.0, 4.0, 32, 128.0]",3359232.0,8748,3,"[3.0, 3.0, 56, 256.0]",4478976.0,10206,7,"[3.0, 4.0, 42, 256.0]",1557504.0,3380,5,"[3.0, 3.0, 56, 512.0]",3115008.0,6084.0,10,"[3.0, 3.0, 56, 512.0]",663552.0,1296.0,10,"[3.0, 3.0, 56, 512.0]",663552.0,1296.0,10,"[3.0, 3.0, 56, 512.0]",36064848.0,81362.0,56
101,317520.0,7560,3,"[6.0, 7.0, 3.0, 25]",12616704.0,24642,2,"[4.0, 4.0, 32, 64.0]",3097600.0,6050,2,"[4.0, 4.0, 32, 128.0]",6195200.0,12100,4,"[4.0, 4.0, 32, 128.0]",2239488.0,5832,4,"[3.0, 4.0, 42, 256.0]",6718464.0,14580,5,"[3.0, 3.0, 56, 256.0]",1557504.0,3380,5,"[3.0, 3.0, 56, 512.0]",3115008.0,6084.0,10,"[3.0, 3.0, 56, 512.0]",663552.0,1296.0,10,"[3.0, 3.0, 56, 512.0]",663552.0,1296.0,10,"[3.0, 3.0, 56, 512.0]",37184592.0,82820.0,55
102,317520.0,7560,3,"[6.0, 7.0, 3.0, 25]",12616704.0,24642,2,"[4.0, 4.0, 32, 64.0]",3097600.0,6050,2,"[4.0, 4.0, 32, 128.0]",6195200.0,12100,4,"[4.0, 4.0, 32, 128.0]",2239488.0,5832,4,"[3.0, 4.0, 42, 256.0]",4478976.0,10206,7,"[3.0, 4.0, 42, 256.0]",1557504.0,3380,5,"[3.0, 3.0, 56, 512.0]",3115008.0,6084.0,10,"[3.0, 3.0, 56, 512.0]",663552.0,1296.0,10,"[3.0, 3.0, 56, 512.0]",663552.0,1296.0,10,"[3.0, 3.0, 56, 512.0]",34945104.0,78446.0,57
103,317520.0,7560,3,"[6.0, 7.0, 3.0, 25]",12616704.0,24642,2,"[4.0, 4.0, 32, 64.0]",3097600.0,6050,2,"[4.0, 4.0, 32, 128.0]",6195200.0,12100,4,"[4.0, 4.0, 32, 128.0]",1492992.0,5832,8,"[4.0, 4.0, 32, 128]",6718464.0,14580,5,"[3.0, 3.0, 56, 256.0]",1557504.0,3380,5,"[3.0, 3.0, 56, 512.0]",3115008.0,6084.0,10,"[3.0, 3.0, 56, 512.0]",663552.0,1296.0,10,"[3.0, 3.0, 56, 512.0]",663552.0,1296.0,10,"[3.0, 3.0, 56, 512.0]",36438096.0,82820.0,59
104,317520.0,7560,3,"[6.0, 7.0, 3.0, 25]",12616704.0,24642,2,"[4.0, 4.0, 32, 64.0]",2604800.0,12210,6,"[4.0, 5.0, 25, 85]",6195200.0,12100,4,"[4.0, 4.0, 32, 128.0]",3359232.0,8748,3,"[3.0, 3.0, 56, 256.0]",4478976.0,10206,7,"[3.0, 4.0, 42, 256.0]",1557504.0,3380,5,"[3.0, 3.0, 56, 512.0]",3115008.0,6084.0,10,"[3.0, 3.0, 56, 512.0]",663552.0,1296.0,10,"[3.0, 3.0, 56, 512.0]",663552.0,1296.0,10,"[3.0, 3.0, 56, 512.0]",35572048.0,87522.0,60
105,317520.0,7560,3,"[6.0, 7.0, 3.0, 25]",12616704.0,24642,2,"[4.0, 4.0, 32, 64.0]",2604800.0,12210,6,"[4.0, 5.0, 25, 85]",6195200.0,12100,4,"[4.0, 4.0, 32, 128.0]",2239488.0,5832,4,"[3.0, 4.0, 42, 256.0]",6718464.0,14580,5,"[3.0, 3.0, 56, 256.0]",1557504.0,3380,5,"[3.0, 3.0, 56, 512.0]",3115008.0,6084.0,10,"[3.0, 3.0, 56, 512.0]",663552.0,1296.0,10,"[3.0, 3.0, 56, 512.0]",663552.0,1296.0,10,"[3.0, 3.0, 56, 512.0]",36691792.0,88980.0,59
106,317520.0,7560,3,"[6.0, 7.0, 3.0, 25]",10513920.0,24642,3,"[4.0, 5.0, 25, 64.0]",3097600.0,6050,2,"[4.0, 4.0, 32, 128.0]",6195200.0,12100,4,"[4.0, 4.0, 32, 128.0]",3359232.0,8748,3,"[3.0, 3.0, 56, 256.0]",6718464.0,14580,5,"[3.0, 3.0, 56, 256.0]",1557504.0,3380,5,"[3.0, 3.0, 56, 512.0]",3115008.0,6084.0,10,"[3.0, 3.0, 56, 512.0]",663552.0,1296.0,10,"[3.0, 3.0, 56, 512.0]",663552.0,1296.0,10,"[3.0, 3.0, 56, 512.0]",36201552.0,85736.0,55
107,317520.0,7560,3,"[6.0, 7.0, 3.0, 25]",10513920.0,24642,3,"[4.0, 5.0, 25, 64.0]",3097600.0,6050,2,"[4.0, 4.0, 32, 128.0]",6195200.0,12100,4,"[4.0, 4.0, 32, 128.0]",3359232.0,8748,3,"[3.0, 3.0, 56, 256.0]",4478976.0,10206,7,"[3.0, 4.0, 42, 256.0]",1557504.0,3380,5,"[3.0, 3.0, 56, 512.0]",3115008.0,6084.0,10,"[3.0, 3.0, 56, 512.0]",663552.0,1296.0,10,"[3.0, 3.0, 56, 512.0]",663552.0,1296.0,10,"[3.0, 3.0, 56, 512.0]",33962064.0,81362.0,57
108,317520.0,7560,3,"[6.0, 7.0, 3.0, 25]",10513920.0,24642,3,"[4.0, 5.0, 25, 64.0]",3097600.0,6050,2,"[4.0, 4.0, 32, 128.0]",6195200.0,12100,4,"[4.0, 4.0, 32, 128.0]",2239488.0,5832,4,"[3.0, 4.0, 42, 256.0]",6718464.0,14580,5,"[3.0, 3.0, 56, 256.0]",1557504.0,3380,5,"[3.0, 3.0, 56, 512.0]",3115008.0,6084.0,10,"[3.0, 3.0, 56, 512.0]",663552.0,1296.0,10,"[3.0, 3.0, 56, 512.0]",663552.0,1296.0,10,"[3.0, 3.0, 56, 512.0]",35081808.0,82820.0,56
109,317520.0,7560,3,"[6.0, 7.0, 3.0, 25]",10513920.0,24642,3,"[4.0, 5.0, 25, 64.0]",3097600.0,6050,2,"[4.0, 4.0, 32, 128.0]",6195200.0,12100,4,"[4.0, 4.0, 32, 128.0]",2239488.0,5832,4,"[3.0, 4.0, 42, 256.0]",4478976.0,10206,7,"[3.0, 4.0, 42, 256.0]",1557504.0,3380,5,"[3.0, 3.0, 56, 512.0]",3115008.0,6084.0,10,"[3.0, 3.0, 56, 512.0]",663552.0,1296.0,10,"[3.0, 3.0, 56, 512.0]",663552.0,1296.0,10,"[3.0, 3.0, 56, 512.0]",32842320.0,78446.0,58
110,317520.0,7560,3,"[6.0, 7.0, 3.0, 25]",10513920.0,24642,3,"[4.0, 5.0, 25, 64.0]",3097600.0,6050,2,"[4.0, 4.0, 32, 128.0]",6195200.0,12100,4,"[4.0, 4.0, 32, 128.0]",1492992.0,5832,8,"[4.0, 4.0, 32, 128]",6718464.0,14580,5,"[3.0, 3.0, 56, 256.0]",1557504.0,3380,5,"[3.0, 3.0, 56, 512.0]",3115008.0,6084.0,10,"[3.0, 3.0, 56, 512.0]",663552.0,1296.0,10,"[3.0, 3.0, 56, 512.0]",663552.0,1296.0,10,"[3.0, 3.0, 56, 512.0]",34335312.0,82820.0,60
111,317520.0,7560,3,"[6.0, 7.0, 3.0, 25]",10513920.0,24642,3,"[4.0, 5.0, 25, 64.0]",2604800.0,12210,6,"[4.0, 5.0, 25, 85]",6195200.0,12100,4,"[4.0, 4.0, 32, 128.0]",2239488.0,5832,4,"[3.0, 4.0, 42, 256.0]",6718464.0,14580,5,"[3.0, 3.0, 56, 256.0]",1557504.0,3380,5,"[3.0, 3.0, 56, 512.0]",3115008.0,6084.0,10,"[3.0, 3.0, 56, 512.0]",663552.0,1296.0,10,"[3.0, 3.0, 56, 512.0]",663552.0,1296.0,10,"[3.0, 3.0, 56, 512.0]",34589008.0,88980.0,60
112,317520.0,7560,3,"[6.0, 7.0, 3.0, 25]",9547776.0,24864,4,"[4.0, 6.0, 21, 64.0]",3097600.0,6050,2,"[4.0, 4.0, 32, 128.0]",6195200.0,12100,4,"[4.0, 4.0, 32, 128.0]",3359232.0,8748,3,"[3.0, 3.0, 56, 256.0]",6718464.0,14580,5,"[3.0, 3.0, 56, 256.0]",1557504.0,3380,5,"[3.0, 3.0, 56, 512.0]",3115008.0,6084.0,10,"[3.0, 3.0, 56, 512.0]",663552.0,1296.0,10,"[3.0, 3.0, 56, 512.0]",663552.0,1296.0,10,"[3.0, 3.0, 56, 512.0]",35235408.0,85958.0,56
113,317520.0,7560,3,"[6.0, 7.0, 3.0, 25]",9547776.0,24864,4,"[4.0, 6.0, 21, 64.0]",3097600.0,6050,2,"[4.0, 4.0, 32, 128.0]",6195200.0,12100,4,"[4.0, 4.0, 32, 128.0]",3359232.0,8748,3,"[3.0, 3.0, 56, 256.0]",4478976.0,10206,7,"[3.0, 4.0, 42, 256.0]",1557504.0,3380,5,"[3.0, 3.0, 56, 512.0]",3115008.0,6084.0,10,"[3.0, 3.0, 56, 512.0]",663552.0,1296.0,10,"[3.0, 3.0, 56, 512.0]",663552.0,1296.0,10,"[3.0, 3.0, 56, 512.0]",32995920.0,81584.0,58
114,317520.0,7560,3,"[6.0, 7.0, 3.0, 25]",9547776.0,24864,4,"[4.0, 6.0, 21, 64.0]",3097600.0,6050,2,"[4.0, 4.0, 32, 128.0]",6195200.0,12100,4,"[4.0, 4.0, 32, 128.0]",2239488.0,5832,4,"[3.0, 4.0, 42, 256.0]",6718464.0,14580,5,"[3.0, 3.0, 56, 256.0]",1557504.0,3380,5,"[3.0, 3.0, 56, 512.0]",3115008.0,6084.0,10,"[3.0, 3.0, 56, 512.0]",663552.0,1296.0,10,"[3.0, 3.0, 56, 512.0]",663552.0,1296.0,10,"[3.0, 3.0, 56, 512.0]",34115664.0,83042.0,57
115,317520.0,7560,3,"[6.0, 7.0, 3.0, 25]",9547776.0,24864,4,"[4.0, 6.0, 21, 64.0]",3097600.0,6050,2,"[4.0, 4.0, 32, 128.0]",6195200.0,12100,4,"[4.0, 4.0, 32, 128.0]",2239488.0,5832,4,"[3.0, 4.0, 42, 256.0]",4478976.0,10206,7,"[3.0, 4.0, 42, 256.0]",1557504.0,3380,5,"[3.0, 3.0, 56, 512.0]",3115008.0,6084.0,10,"[3.0, 3.0, 56, 512.0]",663552.0,1296.0,10,"[3.0, 3.0, 56, 512.0]",663552.0,1296.0,10,"[3.0, 3.0, 56, 512.0]",31876176.0,78668.0,59
116,335664.0,6216,4,"[4.0, 18.0, 3.0, 16]",12616704.0,24642,2,"[4.0, 4.0, 32, 64.0]",3097600.0,6050,2,"[4.0, 4.0, 32, 128.0]",6195200.0,12100,4,"[4.0, 4.0, 32, 128.0]",3359232.0,8748,3,"[3.0, 3.0, 56, 256.0]",6718464.0,14580,5,"[3.0, 3.0, 56, 256.0]",1557504.0,3380,5,"[3.0, 3.0, 56, 512.0]",3115008.0,6084.0,10,"[3.0, 3.0, 56, 512.0]",663552.0,1296.0,10,"[3.0, 3.0, 56, 512.0]",663552.0,1296.0,10,"[3.0, 3.0, 56, 512.0]",38322480.0,84392.0,55
117,335664.0,6216,4,"[4.0, 18.0, 3.0, 16]",12616704.0,24642,2,"[4.0, 4.0, 32, 64.0]",3097600.0,6050,2,"[4.0, 4.0, 32, 128.0]",6195200.0,12100,4,"[4.0, 4.0, 32, 128.0]",3359232.0,8748,3,"[3.0, 3.0, 56, 256.0]",4478976.0,10206,7,"[3.0, 4.0, 42, 256.0]",1557504.0,3380,5,"[3.0, 3.0, 56, 512.0]",3115008.0,6084.0,10,"[3.0, 3.0, 56, 512.0]",663552.0,1296.0,10,"[3.0, 3.0, 56, 512.0]",663552.0,1296.0,10,"[3.0, 3.0, 56, 512.0]",36082992.0,80018.0,57
118,335664.0,6216,4,"[4.0, 18.0, 3.0, 16]",12616704.0,24642,2,"[4.0, 4.0, 32, 64.0]",3097600.0,6050,2,"[4.0, 4.0, 32, 128.0]",6195200.0,12100,4,"[4.0, 4.0, 32, 128.0]",2239488.0,5832,4,"[3.0, 4.0, 42, 256.0]",6718464.0,14580,5,"[3.0, 3.0, 56, 256.0]",1557504.0,3380,5,"[3.0, 3.0, 56, 512.0]",3115008.0,6084.0,10,"[3.0, 3.0, 56, 512.0]",663552.0,1296.0,10,"[3.0, 3.0, 56, 512.0]",663552.0,1296.0,10,"[3.0, 3.0, 56, 512.0]",37202736.0,81476.0,56
119,335664.0,6216,4,"[4.0, 18.0, 3.0, 16]",12616704.0,24642,2,"[4.0, 4.0, 32, 64.0]",3097600.0,6050,2,"[4.0, 4.0, 32, 128.0]",6195200.0,12100,4,"[4.0, 4.0, 32, 128.0]",2239488.0,5832,4,"[3.0, 4.0, 42, 256.0]",4478976.0,10206,7,"[3.0, 4.0, 42, 256.0]",1557504.0,3380,5,"[3.0, 3.0, 56, 512.0]",3115008.0,6084.0,10,"[3.0, 3.0, 56, 512.0]",663552.0,1296.0,10,"[3.0, 3.0, 56, 512.0]",663552.0,1296.0,10,"[3.0, 3.0, 56, 512.0]",34963248.0,77102.0,58
120,335664.0,6216,4,"[4.0, 18.0, 3.0, 16]",12616704.0,24642,2,"[4.0, 4.0, 32, 64.0]",3097600.0,6050,2,"[4.0, 4.0, 32, 128.0]",6195200.0,12100,4,"[4.0, 4.0, 32, 128.0]",1492992.0,5832,8,"[4.0, 4.0, 32, 128]",6718464.0,14580,5,"[3.0, 3.0, 56, 256.0]",1557504.0,3380,5,"[3.0, 3.0, 56, 512.0]",3115008.0,6084.0,10,"[3.0, 3.0, 56, 512.0]",663552.0,1296.0,10,"[3.0, 3.0, 56, 512.0]",663552.0,1296.0,10,"[3.0, 3.0, 56, 512.0]",36456240.0,81476.0,60
121,335664.0,6216,4,"[4.0, 18.0, 3.0, 16]",12616704.0,24642,2,"[4.0, 4.0, 32, 64.0]",2604800.0,12210,6,"[4.0, 5.0, 25, 85]",6195200.0,12100,4,"[4.0, 4.0, 32, 128.0]",2239488.0,5832,4,"[3.0, 4.0, 42, 256.0]",6718464.0,14580,5,"[3.0, 3.0, 56, 256.0]",1557504.0,3380,5,"[3.0, 3.0, 56, 512.0]",3115008.0,6084.0,10,"[3.0, 3.0, 56, 512.0]",663552.0,1296.0,10,"[3.0, 3.0, 56, 512.0]",663552.0,1296.0,10,"[3.0, 3.0, 56, 512.0]",36709936.0,87636.0,60
122,335664.0,6216,4,"[4.0, 18.0, 3.0, 16]",10513920.0,24642,3,"[4.0, 5.0, 25, 64.0]",3097600.0,6050,2,"[4.0, 4.0, 32, 128.0]",6195200.0,12100,4,"[4.0, 4.0, 32, 128.0]",3359232.0,8748,3,"[3.0, 3.0, 56, 256.0]",6718464.0,14580,5,"[3.0, 3.0, 56, 256.0]",1557504.0,3380,5,"[3.0, 3.0, 56, 512.0]",3115008.0,6084.0,10,"[3.0, 3.0, 56, 512.0]",663552.0,1296.0,10,"[3.0, 3.0, 56, 512.0]",663552.0,1296.0,10,"[3.0, 3.0, 56, 512.0]",36219696.0,84392.0,56
123,335664.0,6216,4,"[4.0, 18.0, 3.0, 16]",10513920.0,24642,3,"[4.0, 5.0, 25, 64.0]",3097600.0,6050,2,"[4.0, 4.0, 32, 128.0]",6195200.0,12100,4,"[4.0, 4.0, 32, 128.0]",3359232.0,8748,3,"[3.0, 3.0, 56, 256.0]",4478976.0,10206,7,"[3.0, 4.0, 42, 256.0]",1557504.0,3380,5,"[3.0, 3.0, 56, 512.0]",3115008.0,6084.0,10,"[3.0, 3.0, 56, 512.0]",663552.0,1296.0,10,"[3.0, 3.0, 56, 512.0]",663552.0,1296.0,10,"[3.0, 3.0, 56, 512.0]",33980208.0,80018.0,58
124,335664.0,6216,4,"[4.0, 18.0, 3.0, 16]",10513920.0,24642,3,"[4.0, 5.0, 25, 64.0]",3097600.0,6050,2,"[4.0, 4.0, 32, 128.0]",6195200.0,12100,4,"[4.0, 4.0, 32, 128.0]",2239488.0,5832,4,"[3.0, 4.0, 42, 256.0]",6718464.0,14580,5,"[3.0, 3.0, 56, 256.0]",1557504.0,3380,5,"[3.0, 3.0, 56, 512.0]",3115008.0,6084.0,10,"[3.0, 3.0, 56, 512.0]",663552.0,1296.0,10,"[3.0, 3.0, 56, 512.0]",663552.0,1296.0,10,"[3.0, 3.0, 56, 512.0]",35099952.0,81476.0,57
125,335664.0,6216,4,"[4.0, 18.0, 3.0, 16]",10513920.0,24642,3,"[4.0, 5.0, 25, 64.0]",3097600.0,6050,2,"[4.0, 4.0, 32, 128.0]",6195200.0,12100,4,"[4.0, 4.0, 32, 128.0]",2239488.0,5832,4,"[3.0, 4.0, 42, 256.0]",4478976.0,10206,7,"[3.0, 4.0, 42, 256.0]",1557504.0,3380,5,"[3.0, 3.0, 56, 512.0]",3115008.0,6084.0,10,"[3.0, 3.0, 56, 512.0]",663552.0,1296.0,10,"[3.0, 3.0, 56, 512.0]",663552.0,1296.0,10,"[3.0, 3.0, 56, 512.0]",32860464.0,77102.0,59
126,335664.0,6216,4,"[4.0, 18.0, 3.0, 16]",9547776.0,24864,4,"[4.0, 6.0, 21, 64.0]",3097600.0,6050,2,"[4.0, 4.0, 32, 128.0]",6195200.0,12100,4,"[4.0, 4.0, 32, 128.0]",3359232.0,8748,3,"[3.0, 3.0, 56, 256.0]",6718464.0,14580,5,"[3.0, 3.0, 56, 256.0]",1557504.0,3380,5,"[3.0, 3.0, 56, 512.0]",3115008.0,6084.0,10,"[3.0, 3.0, 56, 512.0]",663552.0,1296.0,10,"[3.0, 3.0, 56, 512.0]",663552.0,1296.0,10,"[3.0, 3.0, 56, 512.0]",35253552.0,84614.0,57
127,335664.0,6216,4,"[4.0, 18.0, 3.0, 16]",9547776.0,24864,4,"[4.0, 6.0, 21, 64.0]",3097600.0,6050,2,"[4.0, 4.0, 32, 128.0]",6195200.0,12100,4,"[4.0, 4.0, 32, 128.0]",3359232.0,8748,3,"[3.0, 3.0, 56, 256.0]",4478976.0,10206,7,"[3.0, 4.0, 42, 256.0]",1557504.0,3380,5,"[3.0, 3.0, 56, 512.0]",3115008.0,6084.0,10,"[3.0, 3.0, 56, 512.0]",663552.0,1296.0,10,"[3.0, 3.0, 56, 512.0]",663552.0,1296.0,10,"[3.0, 3.0, 56, 512.0]",33014064.0,80240.0,59
128,335664.0,6216,4,"[4.0, 18.0, 3.0, 16]",9547776.0,24864,4,"[4.0, 6.0, 21, 64.0]",3097600.0,6050,2,"[4.0, 4.0, 32, 128.0]",6195200.0,12100,4,"[4.0, 4.0, 32, 128.0]",2239488.0,5832,4,"[3.0, 4.0, 42, 256.0]",6718464.0,14580,5,"[3.0, 3.0, 56, 256.0]",1557504.0,3380,5,"[3.0, 3.0, 56, 512.0]",3115008.0,6084.0,10,"[3.0, 3.0, 56, 512.0]",663552.0,1296.0,10,"[3.0, 3.0, 56, 512.0]",663552.0,1296.0,10,"[3.0, 3.0, 56, 512.0]",34133808.0,81698.0,58
129,335664.0,6216,4,"[4.0, 18.0, 3.0, 16]",9547776.0,24864,4,"[4.0, 6.0, 21, 64.0]",3097600.0,6050,2,"[4.0, 4.0, 32, 128.0]",6195200.0,12100,4,"[4.0, 4.0, 32, 128.0]",2239488.0,5832,4,"[3.0, 4.0, 42, 256.0]",4478976.0,10206,7,"[3.0, 4.0, 42, 256.0]",1557504.0,3380,5,"[3.0, 3.0, 56, 512.0]",3115008.0,6084.0,10,"[3.0, 3.0, 56, 512.0]",663552.0,1296.0,10,"[3.0, 3.0, 56, 512.0]",663552.0,1296.0,10,"[3.0, 3.0, 56, 512.0]",31894320.0,77324.0,60
130,282240.0,6272,4,"[6.0, 10.0, 3.0, 16]",12616704.0,24642,2,"[4.0, 4.0, 32, 64.0]",3097600.0,6050,2,"[4.0, 4.0, 32, 128.0]",6195200.0,12100,4,"[4.0, 4.0, 32, 128.0]",3359232.0,8748,3,"[3.0, 3.0, 56, 256.0]",6718464.0,14580,5,"[3.0, 3.0, 56, 256.0]",1557504.0,3380,5,"[3.0, 3.0, 56, 512.0]",3115008.0,6084.0,10,"[3.0, 3.0, 56, 512.0]",663552.0,1296.0,10,"[3.0, 3.0, 56, 512.0]",663552.0,1296.0,10,"[3.0, 3.0, 56, 512.0]",38269056.0,84448.0,55
131,282240.0,6272,4,"[6.0, 10.0, 3.0, 16]",12616704.0,24642,2,"[4.0, 4.0, 32, 64.0]",3097600.0,6050,2,"[4.0, 4.0, 32, 128.0]",6195200.0,12100,4,"[4.0, 4.0, 32, 128.0]",3359232.0,8748,3,"[3.0, 3.0, 56, 256.0]",4478976.0,10206,7,"[3.0, 4.0, 42, 256.0]",1557504.0,3380,5,"[3.0, 3.0, 56, 512.0]",3115008.0,6084.0,10,"[3.0, 3.0, 56, 512.0]",663552.0,1296.0,10,"[3.0, 3.0, 56, 512.0]",663552.0,1296.0,10,"[3.0, 3.0, 56, 512.0]",36029568.0,80074.0,57
132,282240.0,6272,4,"[6.0, 10.0, 3.0, 16]",12616704.0,24642,2,"[4.0, 4.0, 32, 64.0]",3097600.0,6050,2,"[4.0, 4.0, 32, 128.0]",6195200.0,12100,4,"[4.0, 4.0, 32, 128.0]",2239488.0,5832,4,"[3.0, 4.0, 42, 256.0]",6718464.0,14580,5,"[3.0, 3.0, 56, 256.0]",1557504.0,3380,5,"[3.0, 3.0, 56, 512.0]",3115008.0,6084.0,10,"[3.0, 3.0, 56, 512.0]",663552.0,1296.0,10,"[3.0, 3.0, 56, 512.0]",663552.0,1296.0,10,"[3.0, 3.0, 56, 512.0]",37149312.0,81532.0,56
133,282240.0,6272,4,"[6.0, 10.0, 3.0, 16]",12616704.0,24642,2,"[4.0, 4.0, 32, 64.0]",3097600.0,6050,2,"[4.0, 4.0, 32, 128.0]",6195200.0,12100,4,"[4.0, 4.0, 32, 128.0]",2239488.0,5832,4,"[3.0, 4.0, 42, 256.0]",4478976.0,10206,7,"[3.0, 4.0, 42, 256.0]",1557504.0,3380,5,"[3.0, 3.0, 56, 512.0]",3115008.0,6084.0,10,"[3.0, 3.0, 56, 512.0]",663552.0,1296.0,10,"[3.0, 3.0, 56, 512.0]",663552.0,1296.0,10,"[3.0, 3.0, 56, 512.0]",34909824.0,77158.0,58
134,282240.0,6272,4,"[6.0, 10.0, 3.0, 16]",12616704.0,24642,2,"[4.0, 4.0, 32, 64.0]",3097600.0,6050,2,"[4.0, 4.0, 32, 128.0]",6195200.0,12100,4,"[4.0, 4.0, 32, 128.0]",1492992.0,5832,8,"[4.0, 4.0, 32, 128]",6718464.0,14580,5,"[3.0, 3.0, 56, 256.0]",1557504.0,3380,5,"[3.0, 3.0, 56, 512.0]",3115008.0,6084.0,10,"[3.0, 3.0, 56, 512.0]",663552.0,1296.0,10,"[3.0, 3.0, 56, 512.0]",663552.0,1296.0,10,"[3.0, 3.0, 56, 512.0]",36402816.0,81532.0,60
135,282240.0,6272,4,"[6.0, 10.0, 3.0, 16]",12616704.0,24642,2,"[4.0, 4.0, 32, 64.0]",2604800.0,12210,6,"[4.0, 5.0, 25, 85]",6195200.0,12100,4,"[4.0, 4.0, 32, 128.0]",2239488.0,5832,4,"[3.0, 4.0, 42, 256.0]",6718464.0,14580,5,"[3.0, 3.0, 56, 256.0]",1557504.0,3380,5,"[3.0, 3.0, 56, 512.0]",3115008.0,6084.0,10,"[3.0, 3.0, 56, 512.0]",663552.0,1296.0,10,"[3.0, 3.0, 56, 512.0]",663552.0,1296.0,10,"[3.0, 3.0, 56, 512.0]",36656512.0,87692.0,60
136,282240.0,6272,4,"[6.0, 10.0, 3.0, 16]",10513920.0,24642,3,"[4.0, 5.0, 25, 64.0]",3097600.0,6050,2,"[4.0, 4.0, 32, 128.0]",6195200.0,12100,4,"[4.0, 4.0, 32, 128.0]",3359232.0,8748,3,"[3.0, 3.0, 56, 256.0]",6718464.0,14580,5,"[3.0, 3.0, 56, 256.0]",1557504.0,3380,5,"[3.0, 3.0, 56, 512.0]",3115008.0,6084.0,10,"[3.0, 3.0, 56, 512.0]",663552.0,1296.0,10,"[3.0, 3.0, 56, 512.0]",663552.0,1296.0,10,"[3.0, 3.0, 56, 512.0]",36166272.0,84448.0,56
137,282240.0,6272,4,"[6.0, 10.0, 3.0, 16]",10513920.0,24642,3,"[4.0, 5.0, 25, 64.0]",3097600.0,6050,2,"[4.0, 4.0, 32, 128.0]",6195200.0,12100,4,"[4.0, 4.0, 32, 128.0]",3359232.0,8748,3,"[3.0, 3.0, 56, 256.0]",4478976.0,10206,7,"[3.0, 4.0, 42, 256.0]",1557504.0,3380,5,"[3.0, 3.0, 56, 512.0]",3115008.0,6084.0,10,"[3.0, 3.0, 56, 512.0]",663552.0,1296.0,10,"[3.0, 3.0, 56, 512.0]",663552.0,1296.0,10,"[3.0, 3.0, 56, 512.0]",33926784.0,80074.0,58
138,282240.0,6272,4,"[6.0, 10.0, 3.0, 16]",10513920.0,24642,3,"[4.0, 5.0, 25, 64.0]",3097600.0,6050,2,"[4.0, 4.0, 32, 128.0]",6195200.0,12100,4,"[4.0, 4.0, 32, 128.0]",2239488.0,5832,4,"[3.0, 4.0, 42, 256.0]",6718464.0,14580,5,"[3.0, 3.0, 56, 256.0]",1557504.0,3380,5,"[3.0, 3.0, 56, 512.0]",3115008.0,6084.0,10,"[3.0, 3.0, 56, 512.0]",663552.0,1296.0,10,"[3.0, 3.0, 56, 512.0]",663552.0,1296.0,10,"[3.0, 3.0, 56, 512.0]",35046528.0,81532.0,57
139,282240.0,6272,4,"[6.0, 10.0, 3.0, 16]",10513920.0,24642,3,"[4.0, 5.0, 25, 64.0]",3097600.0,6050,2,"[4.0, 4.0, 32, 128.0]",6195200.0,12100,4,"[4.0, 4.0, 32, 128.0]",2239488.0,5832,4,"[3.0, 4.0, 42, 256.0]",4478976.0,10206,7,"[3.0, 4.0, 42, 256.0]",1557504.0,3380,5,"[3.0, 3.0, 56, 512.0]",3115008.0,6084.0,10,"[3.0, 3.0, 56, 512.0]",663552.0,1296.0,10,"[3.0, 3.0, 56, 512.0]",663552.0,1296.0,10,"[3.0, 3.0, 56, 512.0]",32807040.0,77158.0,59
140,282240.0,6272,4,"[6.0, 10.0, 3.0, 16]",9547776.0,24864,4,"[4.0, 6.0, 21, 64.0]",3097600.0,6050,2,"[4.0, 4.0, 32, 128.0]",6195200.0,12100,4,"[4.0, 4.0, 32, 128.0]",3359232.0,8748,3,"[3.0, 3.0, 56, 256.0]",6718464.0,14580,5,"[3.0, 3.0, 56, 256.0]",1557504.0,3380,5,"[3.0, 3.0, 56, 512.0]",3115008.0,6084.0,10,"[3.0, 3.0, 56, 512.0]",663552.0,1296.0,10,"[3.0, 3.0, 56, 512.0]",663552.0,1296.0,10,"[3.0, 3.0, 56, 512.0]",35200128.0,84670.0,57
141,282240.0,6272,4,"[6.0, 10.0, 3.0, 16]",9547776.0,24864,4,"[4.0, 6.0, 21, 64.0]",3097600.0,6050,2,"[4.0, 4.0, 32, 128.0]",6195200.0,12100,4,"[4.0, 4.0, 32, 128.0]",3359232.0,8748,3,"[3.0, 3.0, 56, 256.0]",4478976.0,10206,7,"[3.0, 4.0, 42, 256.0]",1557504.0,3380,5,"[3.0, 3.0, 56, 512.0]",3115008.0,6084.0,10,"[3.0, 3.0, 56, 512.0]",663552.0,1296.0,10,"[3.0, 3.0, 56, 512.0]",663552.0,1296.0,10,"[3.0, 3.0, 56, 512.0]",32960640.0,80296.0,59
142,282240.0,6272,4,"[6.0, 10.0, 3.0, 16]",9547776.0,24864,4,"[4.0, 6.0, 21, 64.0]",3097600.0,6050,2,"[4.0, 4.0, 32, 128.0]",6195200.0,12100,4,"[4.0, 4.0, 32, 128.0]",2239488.0,5832,4,"[3.0, 4.0, 42, 256.0]",6718464.0,14580,5,"[3.0, 3.0, 56, 256.0]",1557504.0,3380,5,"[3.0, 3.0, 56, 512.0]",3115008.0,6084.0,10,"[3.0, 3.0, 56, 512.0]",663552.0,1296.0,10,"[3.0, 3.0, 56, 512.0]",663552.0,1296.0,10,"[3.0, 3.0, 56, 512.0]",34080384.0,81754.0,58
143,282240.0,6272,4,"[6.0, 10.0, 3.0, 16]",9547776.0,24864,4,"[4.0, 6.0, 21, 64.0]",3097600.0,6050,2,"[4.0, 4.0, 32, 128.0]",6195200.0,12100,4,"[4.0, 4.0, 32, 128.0]",2239488.0,5832,4,"[3.0, 4.0, 42, 256.0]",4478976.0,10206,7,"[3.0, 4.0, 42, 256.0]",1557504.0,3380,5,"[3.0, 3.0, 56, 512.0]",3115008.0,6084.0,10,"[3.0, 3.0, 56, 512.0]",663552.0,1296.0,10,"[3.0, 3.0, 56, 512.0]",663552.0,1296.0,10,"[3.0, 3.0, 56, 512.0]",31840896.0,77380.0,60
144,279720.0,6660,4,"[7.0, 8.0, 3.0, 17]",12616704.0,24642,2,"[4.0, 4.0, 32, 64.0]",3097600.0,6050,2,"[4.0, 4.0, 32, 128.0]",6195200.0,12100,4,"[4.0, 4.0, 32, 128.0]",3359232.0,8748,3,"[3.0, 3.0, 56, 256.0]",6718464.0,14580,5,"[3.0, 3.0, 56, 256.0]",1557504.0,3380,5,"[3.0, 3.0, 56, 512.0]",3115008.0,6084.0,10,"[3.0, 3.0, 56, 512.0]",663552.0,1296.0,10,"[3.0, 3.0, 56, 512.0]",663552.0,1296.0,10,"[3.0, 3.0, 56, 512.0]",38266536.0,84836.0,55
145,279720.0,6660,4,"[7.0, 8.0, 3.0, 17]",12616704.0,24642,2,"[4.0, 4.0, 32, 64.0]",3097600.0,6050,2,"[4.0, 4.0, 32, 128.0]",6195200.0,12100,4,"[4.0, 4.0, 32, 128.0]",3359232.0,8748,3,"[3.0, 3.0, 56, 256.0]",4478976.0,10206,7,"[3.0, 4.0, 42, 256.0]",1557504.0,3380,5,"[3.0, 3.0, 56, 512.0]",3115008.0,6084.0,10,"[3.0, 3.0, 56, 512.0]",663552.0,1296.0,10,"[3.0, 3.0, 56, 512.0]",663552.0,1296.0,10,"[3.0, 3.0, 56, 512.0]",36027048.0,80462.0,57
146,279720.0,6660,4,"[7.0, 8.0, 3.0, 17]",12616704.0,24642,2,"[4.0, 4.0, 32, 64.0]",3097600.0,6050,2,"[4.0, 4.0, 32, 128.0]",6195200.0,12100,4,"[4.0, 4.0, 32, 128.0]",2239488.0,5832,4,"[3.0, 4.0, 42, 256.0]",6718464.0,14580,5,"[3.0, 3.0, 56, 256.0]",1557504.0,3380,5,"[3.0, 3.0, 56, 512.0]",3115008.0,6084.0,10,"[3.0, 3.0, 56, 512.0]",663552.0,1296.0,10,"[3.0, 3.0, 56, 512.0]",663552.0,1296.0,10,"[3.0, 3.0, 56, 512.0]",37146792.0,81920.0,56
147,279720.0,6660,4,"[7.0, 8.0, 3.0, 17]",12616704.0,24642,2,"[4.0, 4.0, 32, 64.0]",3097600.0,6050,2,"[4.0, 4.0, 32, 128.0]",6195200.0,12100,4,"[4.0, 4.0, 32, 128.0]",2239488.0,5832,4,"[3.0, 4.0, 42, 256.0]",4478976.0,10206,7,"[3.0, 4.0, 42, 256.0]",1557504.0,3380,5,"[3.0, 3.0, 56, 512.0]",3115008.0,6084.0,10,"[3.0, 3.0, 56, 512.0]",663552.0,1296.0,10,"[3.0, 3.0, 56, 512.0]",663552.0,1296.0,10,"[3.0, 3.0, 56, 512.0]",34907304.0,77546.0,58
148,279720.0,6660,4,"[7.0, 8.0, 3.0, 17]",12616704.0,24642,2,"[4.0, 4.0, 32, 64.0]",3097600.0,6050,2,"[4.0, 4.0, 32, 128.0]",6195200.0,12100,4,"[4.0, 4.0, 32, 128.0]",1492992.0,5832,8,"[4.0, 4.0, 32, 128]",6718464.0,14580,5,"[3.0, 3.0, 56, 256.0]",1557504.0,3380,5,"[3.0, 3.0, 56, 512.0]",3115008.0,6084.0,10,"[3.0, 3.0, 56, 512.0]",663552.0,1296.0,10,"[3.0, 3.0, 56, 512.0]",663552.0,1296.0,10,"[3.0, 3.0, 56, 512.0]",36400296.0,81920.0,60
149,279720.0,6660,4,"[7.0, 8.0, 3.0, 17]",12616704.0,24642,2,"[4.0, 4.0, 32, 64.0]",2604800.0,12210,6,"[4.0, 5.0, 25, 85]",6195200.0,12100,4,"[4.0, 4.0, 32, 128.0]",2239488.0,5832,4,"[3.0, 4.0, 42, 256.0]",6718464.0,14580,5,"[3.0, 3.0, 56, 256.0]",1557504.0,3380,5,"[3.0, 3.0, 56, 512.0]",3115008.0,6084.0,10,"[3.0, 3.0, 56, 512.0]",663552.0,1296.0,10,"[3.0, 3.0, 56, 512.0]",663552.0,1296.0,10,"[3.0, 3.0, 56, 512.0]",36653992.0,88080.0,60
150,279720.0,6660,4,"[7.0, 8.0, 3.0, 17]",10513920.0,24642,3,"[4.0, 5.0, 25, 64.0]",3097600.0,6050,2,"[4.0, 4.0, 32, 128.0]",6195200.0,12100,4,"[4.0, 4.0, 32, 128.0]",3359232.0,8748,3,"[3.0, 3.0, 56, 256.0]",6718464.0,14580,5,"[3.0, 3.0, 56, 256.0]",1557504.0,3380,5,"[3.0, 3.0, 56, 512.0]",3115008.0,6084.0,10,"[3.0, 3.0, 56, 512.0]",663552.0,1296.0,10,"[3.0, 3.0, 56, 512.0]",663552.0,1296.0,10,"[3.0, 3.0, 56, 512.0]",36163752.0,84836.0,56
151,279720.0,6660,4,"[7.0, 8.0, 3.0, 17]",10513920.0,24642,3,"[4.0, 5.0, 25, 64.0]",3097600.0,6050,2,"[4.0, 4.0, 32, 128.0]",6195200.0,12100,4,"[4.0, 4.0, 32, 128.0]",3359232.0,8748,3,"[3.0, 3.0, 56, 256.0]",4478976.0,10206,7,"[3.0, 4.0, 42, 256.0]",1557504.0,3380,5,"[3.0, 3.0, 56, 512.0]",3115008.0,6084.0,10,"[3.0, 3.0, 56, 512.0]",663552.0,1296.0,10,"[3.0, 3.0, 56, 512.0]",663552.0,1296.0,10,"[3.0, 3.0, 56, 512.0]",33924264.0,80462.0,58
152,279720.0,6660,4,"[7.0, 8.0, 3.0, 17]",10513920.0,24642,3,"[4.0, 5.0, 25, 64.0]",3097600.0,6050,2,"[4.0, 4.0, 32, 128.0]",6195200.0,12100,4,"[4.0, 4.0, 32, 128.0]",2239488.0,5832,4,"[3.0, 4.0, 42, 256.0]",6718464.0,14580,5,"[3.0, 3.0, 56, 256.0]",1557504.0,3380,5,"[3.0, 3.0, 56, 512.0]",3115008.0,6084.0,10,"[3.0, 3.0, 56, 512.0]",663552.0,1296.0,10,"[3.0, 3.0, 56, 512.0]",663552.0,1296.0,10,"[3.0, 3.0, 56, 512.0]",35044008.0,81920.0,57
153,279720.0,6660,4,"[7.0, 8.0, 3.0, 17]",10513920.0,24642,3,"[4.0, 5.0, 25, 64.0]",3097600.0,6050,2,"[4.0, 4.0, 32, 128.0]",6195200.0,12100,4,"[4.0, 4.0, 32, 128.0]",2239488.0,5832,4,"[3.0, 4.0, 42, 256.0]",4478976.0,10206,7,"[3.0, 4.0, 42, 256.0]",1557504.0,3380,5,"[3.0, 3.0, 56, 512.0]",3115008.0,6084.0,10,"[3.0, 3.0, 56, 512.0]",663552.0,1296.0,10,"[3.0, 3.0, 56, 512.0]",663552.0,1296.0,10,"[3.0, 3.0, 56, 512.0]",32804520.0,77546.0,59
154,279720.0,6660,4,"[7.0, 8.0, 3.0, 17]",9547776.0,24864,4,"[4.0, 6.0, 21, 64.0]",3097600.0,6050,2,"[4.0, 4.0, 32, 128.0]",6195200.0,12100,4,"[4.0, 4.0, 32, 128.0]",3359232.0,8748,3,"[3.0, 3.0, 56, 256.0]",6718464.0,14580,5,"[3.0, 3.0, 56, 256.0]",1557504.0,3380,5,"[3.0, 3.0, 56, 512.0]",3115008.0,6084.0,10,"[3.0, 3.0, 56, 512.0]",663552.0,1296.0,10,"[3.0, 3.0, 56, 512.0]",663552.0,1296.0,10,"[3.0, 3.0, 56, 512.0]",35197608.0,85058.0,57
155,279720.0,6660,4,"[7.0, 8.0, 3.0, 17]",9547776.0,24864,4,"[4.0, 6.0, 21, 64.0]",3097600.0,6050,2,"[4.0, 4.0, 32, 128.0]",6195200.0,12100,4,"[4.0, 4.0, 32, 128.0]",3359232.0,8748,3,"[3.0, 3.0, 56, 256.0]",4478976.0,10206,7,"[3.0, 4.0, 42, 256.0]",1557504.0,3380,5,"[3.0, 3.0, 56, 512.0]",3115008.0,6084.0,10,"[3.0, 3.0, 56, 512.0]",663552.0,1296.0,10,"[3.0, 3.0, 56, 512.0]",663552.0,1296.0,10,"[3.0, 3.0, 56, 512.0]",32958120.0,80684.0,59
156,279720.0,6660,4,"[7.0, 8.0, 3.0, 17]",9547776.0,24864,4,"[4.0, 6.0, 21, 64.0]",3097600.0,6050,2,"[4.0, 4.0, 32, 128.0]",6195200.0,12100,4,"[4.0, 4.0, 32, 128.0]",2239488.0,5832,4,"[3.0, 4.0, 42, 256.0]",6718464.0,14580,5,"[3.0, 3.0, 56, 256.0]",1557504.0,3380,5,"[3.0, 3.0, 56, 512.0]",3115008.0,6084.0,10,"[3.0, 3.0, 56, 512.0]",663552.0,1296.0,10,"[3.0, 3.0, 56, 512.0]",663552.0,1296.0,10,"[3.0, 3.0, 56, 512.0]",34077864.0,82142.0,58
157,279720.0,6660,4,"[7.0, 8.0, 3.0, 17]",9547776.0,24864,4,"[4.0, 6.0, 21, 64.0]",3097600.0,6050,2,"[4.0, 4.0, 32, 128.0]",6195200.0,12100,4,"[4.0, 4.0, 32, 128.0]",2239488.0,5832,4,"[3.0, 4.0, 42, 256.0]",4478976.0,10206,7,"[3.0, 4.0, 42, 256.0]",1557504.0,3380,5,"[3.0, 3.0, 56, 512.0]",3115008.0,6084.0,10,"[3.0, 3.0, 56, 512.0]",663552.0,1296.0,10,"[3.0, 3.0, 56, 512.0]",663552.0,1296.0,10,"[3.0, 3.0, 56, 512.0]",31838376.0,77768.0,60
158,262848.0,6845,5,"[8.0, 8.0, 3.0, 14]",12616704.0,24642,2,"[4.0, 4.0, 32, 64.0]",3097600.0,6050,2,"[4.0, 4.0, 32, 128.0]",6195200.0,12100,4,"[4.0, 4.0, 32, 128.0]",3359232.0,8748,3,"[3.0, 3.0, 56, 256.0]",6718464.0,14580,5,"[3.0, 3.0, 56, 256.0]",1557504.0,3380,5,"[3.0, 3.0, 56, 512.0]",3115008.0,6084.0,10,"[3.0, 3.0, 56, 512.0]",663552.0,1296.0,10,"[3.0, 3.0, 56, 512.0]",663552.0,1296.0,10,"[3.0, 3.0, 56, 512.0]",38249664.0,85021.0,56
159,262848.0,6845,5,"[8.0, 8.0, 3.0, 14]",12616704.0,24642,2,"[4.0, 4.0, 32, 64.0]",3097600.0,6050,2,"[4.0, 4.0, 32, 128.0]",6195200.0,12100,4,"[4.0, 4.0, 32, 128.0]",3359232.0,8748,3,"[3.0, 3.0, 56, 256.0]",4478976.0,10206,7,"[3.0, 4.0, 42, 256.0]",1557504.0,3380,5,"[3.0, 3.0, 56, 512.0]",3115008.0,6084.0,10,"[3.0, 3.0, 56, 512.0]",663552.0,1296.0,10,"[3.0, 3.0, 56, 512.0]",663552.0,1296.0,10,"[3.0, 3.0, 56, 512.0]",36010176.0,80647.0,58
160,262848.0,6845,5,"[8.0, 8.0, 3.0, 14]",12616704.0,24642,2,"[4.0, 4.0, 32, 64.0]",3097600.0,6050,2,"[4.0, 4.0, 32, 128.0]",6195200.0,12100,4,"[4.0, 4.0, 32, 128.0]",2239488.0,5832,4,"[3.0, 4.0, 42, 256.0]",6718464.0,14580,5,"[3.0, 3.0, 56, 256.0]",1557504.0,3380,5,"[3.0, 3.0, 56, 512.0]",3115008.0,6084.0,10,"[3.0, 3.0, 56, 512.0]",663552.0,1296.0,10,"[3.0, 3.0, 56, 512.0]",663552.0,1296.0,10,"[3.0, 3.0, 56, 512.0]",37129920.0,82105.0,57
161,262848.0,6845,5,"[8.0, 8.0, 3.0, 14]",12616704.0,24642,2,"[4.0, 4.0, 32, 64.0]",3097600.0,6050,2,"[4.0, 4.0, 32, 128.0]",6195200.0,12100,4,"[4.0, 4.0, 32, 128.0]",2239488.0,5832,4,"[3.0, 4.0, 42, 256.0]",4478976.0,10206,7,"[3.0, 4.0, 42, 256.0]",1557504.0,3380,5,"[3.0, 3.0, 56, 512.0]",3115008.0,6084.0,10,"[3.0, 3.0, 56, 512.0]",663552.0,1296.0,10,"[3.0, 3.0, 56, 512.0]",663552.0,1296.0,10,"[3.0, 3.0, 56, 512.0]",34890432.0,77731.0,59
162,262848.0,6845,5,"[8.0, 8.0, 3.0, 14]",10513920.0,24642,3,"[4.0, 5.0, 25, 64.0]",3097600.0,6050,2,"[4.0, 4.0, 32, 128.0]",6195200.0,12100,4,"[4.0, 4.0, 32, 128.0]",3359232.0,8748,3,"[3.0, 3.0, 56, 256.0]",6718464.0,14580,5,"[3.0, 3.0, 56, 256.0]",1557504.0,3380,5,"[3.0, 3.0, 56, 512.0]",3115008.0,6084.0,10,"[3.0, 3.0, 56, 512.0]",663552.0,1296.0,10,"[3.0, 3.0, 56, 512.0]",663552.0,1296.0,10,"[3.0, 3.0, 56, 512.0]",36146880.0,85021.0,57
163,262848.0,6845,5,"[8.0, 8.0, 3.0, 14]",10513920.0,24642,3,"[4.0, 5.0, 25, 64.0]",3097600.0,6050,2,"[4.0, 4.0, 32, 128.0]",6195200.0,12100,4,"[4.0, 4.0, 32, 128.0]",3359232.0,8748,3,"[3.0, 3.0, 56, 256.0]",4478976.0,10206,7,"[3.0, 4.0, 42, 256.0]",1557504.0,3380,5,"[3.0, 3.0, 56, 512.0]",3115008.0,6084.0,10,"[3.0, 3.0, 56, 512.0]",663552.0,1296.0,10,"[3.0, 3.0, 56, 512.0]",663552.0,1296.0,10,"[3.0, 3.0, 56, 512.0]",33907392.0,80647.0,59
164,262848.0,6845,5,"[8.0, 8.0, 3.0, 14]",10513920.0,24642,3,"[4.0, 5.0, 25, 64.0]",3097600.0,6050,2,"[4.0, 4.0, 32, 128.0]",6195200.0,12100,4,"[4.0, 4.0, 32, 128.0]",2239488.0,5832,4,"[3.0, 4.0, 42, 256.0]",6718464.0,14580,5,"[3.0, 3.0, 56, 256.0]",1557504.0,3380,5,"[3.0, 3.0, 56, 512.0]",3115008.0,6084.0,10,"[3.0, 3.0, 56, 512.0]",663552.0,1296.0,10,"[3.0, 3.0, 56, 512.0]",663552.0,1296.0,10,"[3.0, 3.0, 56, 512.0]",35027136.0,82105.0,58
165,262848.0,6845,5,"[8.0, 8.0, 3.0, 14]",10513920.0,24642,3,"[4.0, 5.0, 25, 64.0]",3097600.0,6050,2,"[4.0, 4.0, 32, 128.0]",6195200.0,12100,4,"[4.0, 4.0, 32, 128.0]",2239488.0,5832,4,"[3.0, 4.0, 42, 256.0]",4478976.0,10206,7,"[3.0, 4.0, 42, 256.0]",1557504.0,3380,5,"[3.0, 3.0, 56, 512.0]",3115008.0,6084.0,10,"[3.0, 3.0, 56, 512.0]",663552.0,1296.0,10,"[3.0, 3.0, 56, 512.0]",663552.0,1296.0,10,"[3.0, 3.0, 56, 512.0]",32787648.0,77731.0,60
166,262848.0,6845,5,"[8.0, 8.0, 3.0, 14]",9547776.0,24864,4,"[4.0, 6.0, 21, 64.0]",3097600.0,6050,2,"[4.0, 4.0, 32, 128.0]",6195200.0,12100,4,"[4.0, 4.0, 32, 128.0]",3359232.0,8748,3,"[3.0, 3.0, 56, 256.0]",6718464.0,14580,5,"[3.0, 3.0, 56, 256.0]",1557504.0,3380,5,"[3.0, 3.0, 56, 512.0]",3115008.0,6084.0,10,"[3.0, 3.0, 56, 512.0]",663552.0,1296.0,10,"[3.0, 3.0, 56, 512.0]",663552.0,1296.0,10,"[3.0, 3.0, 56, 512.0]",35180736.0,85243.0,58
167,262848.0,6845,5,"[8.0, 8.0, 3.0, 14]",9547776.0,24864,4,"[4.0, 6.0, 21, 64.0]",3097600.0,6050,2,"[4.0, 4.0, 32, 128.0]",6195200.0,12100,4,"[4.0, 4.0, 32, 128.0]",3359232.0,8748,3,"[3.0, 3.0, 56, 256.0]",4478976.0,10206,7,"[3.0, 4.0, 42, 256.0]",1557504.0,3380,5,"[3.0, 3.0, 56, 512.0]",3115008.0,6084.0,10,"[3.0, 3.0, 56, 512.0]",663552.0,1296.0,10,"[3.0, 3.0, 56, 512.0]",663552.0,1296.0,10,"[3.0, 3.0, 56, 512.0]",32941248.0,80869.0,60
168,262848.0,6845,5,"[8.0, 8.0, 3.0, 14]",9547776.0,24864,4,"[4.0, 6.0, 21, 64.0]",3097600.0,6050,2,"[4.0, 4.0, 32, 128.0]",6195200.0,12100,4,"[4.0, 4.0, 32, 128.0]",2239488.0,5832,4,"[3.0, 4.0, 42, 256.0]",6718464.0,14580,5,"[3.0, 3.0, 56, 256.0]",1557504.0,3380,5,"[3.0, 3.0, 56, 512.0]",3115008.0,6084.0,10,"[3.0, 3.0, 56, 512.0]",663552.0,1296.0,10,"[3.0, 3.0, 56, 512.0]",663552.0,1296.0,10,"[3.0, 3.0, 56, 512.0]",34060992.0,82327.0,59
169,259875.0,6750,6,"[7.0, 11.0, 3.0, 11]",12616704.0,24642,2,"[4.0, 4.0, 32, 64.0]",3097600.0,6050,2,"[4.0, 4.0, 32, 128.0]",6195200.0,12100,4,"[4.0, 4.0, 32, 128.0]",3359232.0,8748,3,"[3.0, 3.0, 56, 256.0]",6718464.0,14580,5,"[3.0, 3.0, 56, 256.0]",1557504.0,3380,5,"[3.0, 3.0, 56, 512.0]",3115008.0,6084.0,10,"[3.0, 3.0, 56, 512.0]",663552.0,1296.0,10,"[3.0, 3.0, 56, 512.0]",663552.0,1296.0,10,"[3.0, 3.0, 56, 512.0]",38246691.0,84926.0,57
170,259875.0,6750,6,"[7.0, 11.0, 3.0, 11]",12616704.0,24642,2,"[4.0, 4.0, 32, 64.0]",3097600.0,6050,2,"[4.0, 4.0, 32, 128.0]",6195200.0,12100,4,"[4.0, 4.0, 32, 128.0]",3359232.0,8748,3,"[3.0, 3.0, 56, 256.0]",4478976.0,10206,7,"[3.0, 4.0, 42, 256.0]",1557504.0,3380,5,"[3.0, 3.0, 56, 512.0]",3115008.0,6084.0,10,"[3.0, 3.0, 56, 512.0]",663552.0,1296.0,10,"[3.0, 3.0, 56, 512.0]",663552.0,1296.0,10,"[3.0, 3.0, 56, 512.0]",36007203.0,80552.0,59
171,259875.0,6750,6,"[7.0, 11.0, 3.0, 11]",12616704.0,24642,2,"[4.0, 4.0, 32, 64.0]",3097600.0,6050,2,"[4.0, 4.0, 32, 128.0]",6195200.0,12100,4,"[4.0, 4.0, 32, 128.0]",2239488.0,5832,4,"[3.0, 4.0, 42, 256.0]",6718464.0,14580,5,"[3.0, 3.0, 56, 256.0]",1557504.0,3380,5,"[3.0, 3.0, 56, 512.0]",3115008.0,6084.0,10,"[3.0, 3.0, 56, 512.0]",663552.0,1296.0,10,"[3.0, 3.0, 56, 512.0]",663552.0,1296.0,10,"[3.0, 3.0, 56, 512.0]",37126947.0,82010.0,58
172,259875.0,6750,6,"[7.0, 11.0, 3.0, 11]",12616704.0,24642,2,"[4.0, 4.0, 32, 64.0]",3097600.0,6050,2,"[4.0, 4.0, 32, 128.0]",6195200.0,12100,4,"[4.0, 4.0, 32, 128.0]",2239488.0,5832,4,"[3.0, 4.0, 42, 256.0]",4478976.0,10206,7,"[3.0, 4.0, 42, 256.0]",1557504.0,3380,5,"[3.0, 3.0, 56, 512.0]",3115008.0,6084.0,10,"[3.0, 3.0, 56, 512.0]",663552.0,1296.0,10,"[3.0, 3.0, 56, 512.0]",663552.0,1296.0,10,"[3.0, 3.0, 56, 512.0]",34887459.0,77636.0,60
173,259875.0,6750,6,"[7.0, 11.0, 3.0, 11]",10513920.0,24642,3,"[4.0, 5.0, 25, 64.0]",3097600.0,6050,2,"[4.0, 4.0, 32, 128.0]",6195200.0,12100,4,"[4.0, 4.0, 32, 128.0]",3359232.0,8748,3,"[3.0, 3.0, 56, 256.0]",6718464.0,14580,5,"[3.0, 3.0, 56, 256.0]",1557504.0,3380,5,"[3.0, 3.0, 56, 512.0]",3115008.0,6084.0,10,"[3.0, 3.0, 56, 512.0]",663552.0,1296.0,10,"[3.0, 3.0, 56, 512.0]",663552.0,1296.0,10,"[3.0, 3.0, 56, 512.0]",36143907.0,84926.0,58
174,259875.0,6750,6,"[7.0, 11.0, 3.0, 11]",10513920.0,24642,3,"[4.0, 5.0, 25, 64.0]",3097600.0,6050,2,"[4.0, 4.0, 32, 128.0]",6195200.0,12100,4,"[4.0, 4.0, 32, 128.0]",3359232.0,8748,3,"[3.0, 3.0, 56, 256.0]",4478976.0,10206,7,"[3.0, 4.0, 42, 256.0]",1557504.0,3380,5,"[3.0, 3.0, 56, 512.0]",3115008.0,6084.0,10,"[3.0, 3.0, 56, 512.0]",663552.0,1296.0,10,"[3.0, 3.0, 56, 512.0]",663552.0,1296.0,10,"[3.0, 3.0, 56, 512.0]",33904419.0,80552.0,60
175,259875.0,6750,6,"[7.0, 11.0, 3.0, 11]",10513920.0,24642,3,"[4.0, 5.0, 25, 64.0]",3097600.0,6050,2,"[4.0, 4.0, 32, 128.0]",6195200.0,12100,4,"[4.0, 4.0, 32, 128.0]",2239488.0,5832,4,"[3.0, 4.0, 42, 256.0]",6718464.0,14580,5,"[3.0, 3.0, 56, 256.0]",1557504.0,3380,5,"[3.0, 3.0, 56, 512.0]",3115008.0,6084.0,10,"[3.0, 3.0, 56, 512.0]",663552.0,1296.0,10,"[3.0, 3.0, 56, 512.0]",663552.0,1296.0,10,"[3.0, 3.0, 56, 512.0]",35024163.0,82010.0,59
176,259875.0,6750,6,"[7.0, 11.0, 3.0, 11]",9547776.0,24864,4,"[4.0, 6.0, 21, 64.0]",3097600.0,6050,2,"[4.0, 4.0, 32, 128.0]",6195200.0,12100,4,"[4.0, 4.0, 32, 128.0]",3359232.0,8748,3,"[3.0, 3.0, 56, 256.0]",6718464.0,14580,5,"[3.0, 3.0, 56, 256.0]",1557504.0,3380,5,"[3.0, 3.0, 56, 512.0]",3115008.0,6084.0,10,"[3.0, 3.0, 56, 512.0]",663552.0,1296.0,10,"[3.0, 3.0, 56, 512.0]",663552.0,1296.0,10,"[3.0, 3.0, 56, 512.0]",35177763.0,85148.0,59
177,259875.0,6750,6,"[7.0, 11.0, 3.0, 11]",9547776.0,24864,4,"[4.0, 6.0, 21, 64.0]",3097600.0,6050,2,"[4.0, 4.0, 32, 128.0]",6195200.0,12100,4,"[4.0, 4.0, 32, 128.0]",2239488.0,5832,4,"[3.0, 4.0, 42, 256.0]",6718464.0,14580,5,"[3.0, 3.0, 56, 256.0]",1557504.0,3380,5,"[3.0, 3.0, 56, 512.0]",3115008.0,6084.0,10,"[3.0, 3.0, 56, 512.0]",663552.0,1296.0,10,"[3.0, 3.0, 56, 512.0]",663552.0,1296.0,10,"[3.0, 3.0, 56, 512.0]",34058019.0,82232.0,60
178,255744.0,7104,6,"[8.0, 9.0, 3.0, 12]",12616704.0,24642,2,"[4.0, 4.0, 32, 64.0]",3097600.0,6050,2,"[4.0, 4.0, 32, 128.0]",6195200.0,12100,4,"[4.0, 4.0, 32, 128.0]",3359232.0,8748,3,"[3.0, 3.0, 56, 256.0]",6718464.0,14580,5,"[3.0, 3.0, 56, 256.0]",1557504.0,3380,5,"[3.0, 3.0, 56, 512.0]",3115008.0,6084.0,10,"[3.0, 3.0, 56, 512.0]",663552.0,1296.0,10,"[3.0, 3.0, 56, 512.0]",663552.0,1296.0,10,"[3.0, 3.0, 56, 512.0]",38242560.0,85280.0,57
179,255744.0,7104,6,"[8.0, 9.0, 3.0, 12]",12616704.0,24642,2,"[4.0, 4.0, 32, 64.0]",3097600.0,6050,2,"[4.0, 4.0, 32, 128.0]",6195200.0,12100,4,"[4.0, 4.0, 32, 128.0]",3359232.0,8748,3,"[3.0, 3.0, 56, 256.0]",4478976.0,10206,7,"[3.0, 4.0, 42, 256.0]",1557504.0,3380,5,"[3.0, 3.0, 56, 512.0]",3115008.0,6084.0,10,"[3.0, 3.0, 56, 512.0]",663552.0,1296.0,10,"[3.0, 3.0, 56, 512.0]",663552.0,1296.0,10,"[3.0, 3.0, 56, 512.0]",36003072.0,80906.0,59
180,255744.0,7104,6,"[8.0, 9.0, 3.0, 12]",12616704.0,24642,2,"[4.0, 4.0, 32, 64.0]",3097600.0,6050,2,"[4.0, 4.0, 32, 128.0]",6195200.0,12100,4,"[4.0, 4.0, 32, 128.0]",2239488.0,5832,4,"[3.0, 4.0, 42, 256.0]",6718464.0,14580,5,"[3.0, 3.0, 56, 256.0]",1557504.0,3380,5,"[3.0, 3.0, 56, 512.0]",3115008.0,6084.0,10,"[3.0, 3.0, 56, 512.0]",663552.0,1296.0,10,"[3.0, 3.0, 56, 512.0]",663552.0,1296.0,10,"[3.0, 3.0, 56, 512.0]",37122816.0,82364.0,58
181,255744.0,7104,6,"[8.0, 9.0, 3.0, 12]",12616704.0,24642,2,"[4.0, 4.0, 32, 64.0]",3097600.0,6050,2,"[4.0, 4.0, 32, 128.0]",6195200.0,12100,4,"[4.0, 4.0, 32, 128.0]",2239488.0,5832,4,"[3.0, 4.0, 42, 256.0]",4478976.0,10206,7,"[3.0, 4.0, 42, 256.0]",1557504.0,3380,5,"[3.0, 3.0, 56, 512.0]",3115008.0,6084.0,10,"[3.0, 3.0, 56, 512.0]",663552.0,1296.0,10,"[3.0, 3.0, 56, 512.0]",663552.0,1296.0,10,"[3.0, 3.0, 56, 512.0]",34883328.0,77990.0,60
182,255744.0,7104,6,"[8.0, 9.0, 3.0, 12]",10513920.0,24642,3,"[4.0, 5.0, 25, 64.0]",3097600.0,6050,2,"[4.0, 4.0, 32, 128.0]",6195200.0,12100,4,"[4.0, 4.0, 32, 128.0]",3359232.0,8748,3,"[3.0, 3.0, 56, 256.0]",6718464.0,14580,5,"[3.0, 3.0, 56, 256.0]",1557504.0,3380,5,"[3.0, 3.0, 56, 512.0]",3115008.0,6084.0,10,"[3.0, 3.0, 56, 512.0]",663552.0,1296.0,10,"[3.0, 3.0, 56, 512.0]",663552.0,1296.0,10,"[3.0, 3.0, 56, 512.0]",36139776.0,85280.0,58
183,255744.0,7104,6,"[8.0, 9.0, 3.0, 12]",10513920.0,24642,3,"[4.0, 5.0, 25, 64.0]",3097600.0,6050,2,"[4.0, 4.0, 32, 128.0]",6195200.0,12100,4,"[4.0, 4.0, 32, 128.0]",3359232.0,8748,3,"[3.0, 3.0, 56, 256.0]",4478976.0,10206,7,"[3.0, 4.0, 42, 256.0]",1557504.0,3380,5,"[3.0, 3.0, 56, 512.0]",3115008.0,6084.0,10,"[3.0, 3.0, 56, 512.0]",663552.0,1296.0,10,"[3.0, 3.0, 56, 512.0]",663552.0,1296.0,10,"[3.0, 3.0, 56, 512.0]",33900288.0,80906.0,60
184,255744.0,7104,6,"[8.0, 9.0, 3.0, 12]",10513920.0,24642,3,"[4.0, 5.0, 25, 64.0]",3097600.0,6050,2,"[4.0, 4.0, 32, 128.0]",6195200.0,12100,4,"[4.0, 4.0, 32, 128.0]",2239488.0,5832,4,"[3.0, 4.0, 42, 256.0]",6718464.0,14580,5,"[3.0, 3.0, 56, 256.0]",1557504.0,3380,5,"[3.0, 3.0, 56, 512.0]",3115008.0,6084.0,10,"[3.0, 3.0, 56, 512.0]",663552.0,1296.0,10,"[3.0, 3.0, 56, 512.0]",663552.0,1296.0,10,"[3.0, 3.0, 56, 512.0]",35020032.0,82364.0,59
185,255744.0,7104,6,"[8.0, 9.0, 3.0, 12]",9547776.0,24864,4,"[4.0, 6.0, 21, 64.0]",3097600.0,6050,2,"[4.0, 4.0, 32, 128.0]",6195200.0,12100,4,"[4.0, 4.0, 32, 128.0]",3359232.0,8748,3,"[3.0, 3.0, 56, 256.0]",6718464.0,14580,5,"[3.0, 3.0, 56, 256.0]",1557504.0,3380,5,"[3.0, 3.0, 56, 512.0]",3115008.0,6084.0,10,"[3.0, 3.0, 56, 512.0]",663552.0,1296.0,10,"[3.0, 3.0, 56, 512.0]",663552.0,1296.0,10,"[3.0, 3.0, 56, 512.0]",35173632.0,85502.0,59
186,255744.0,7104,6,"[8.0, 9.0, 3.0, 12]",9547776.0,24864,4,"[4.0, 6.0, 21, 64.0]",3097600.0,6050,2,"[4.0, 4.0, 32, 128.0]",6195200.0,12100,4,"[4.0, 4.0, 32, 128.0]",2239488.0,5832,4,"[3.0, 4.0, 42, 256.0]",6718464.0,14580,5,"[3.0, 3.0, 56, 256.0]",1557504.0,3380,5,"[3.0, 3.0, 56, 512.0]",3115008.0,6084.0,10,"[3.0, 3.0, 56, 512.0]",663552.0,1296.0,10,"[3.0, 3.0, 56, 512.0]",663552.0,1296.0,10,"[3.0, 3.0, 56, 512.0]",34053888.0,82586.0,60
187,248640.0,7252,7,"[8.0, 10.0, 3.0, 10]",12616704.0,24642,2,"[4.0, 4.0, 32, 64.0]",3097600.0,6050,2,"[4.0, 4.0, 32, 128.0]",6195200.0,12100,4,"[4.0, 4.0, 32, 128.0]",3359232.0,8748,3,"[3.0, 3.0, 56, 256.0]",6718464.0,14580,5,"[3.0, 3.0, 56, 256.0]",1557504.0,3380,5,"[3.0, 3.0, 56, 512.0]",3115008.0,6084.0,10,"[3.0, 3.0, 56, 512.0]",663552.0,1296.0,10,"[3.0, 3.0, 56, 512.0]",663552.0,1296.0,10,"[3.0, 3.0, 56, 512.0]",38235456.0,85428.0,58
188,248640.0,7252,7,"[8.0, 10.0, 3.0, 10]",12616704.0,24642,2,"[4.0, 4.0, 32, 64.0]",3097600.0,6050,2,"[4.0, 4.0, 32, 128.0]",6195200.0,12100,4,"[4.0, 4.0, 32, 128.0]",3359232.0,8748,3,"[3.0, 3.0, 56, 256.0]",4478976.0,10206,7,"[3.0, 4.0, 42, 256.0]",1557504.0,3380,5,"[3.0, 3.0, 56, 512.0]",3115008.0,6084.0,10,"[3.0, 3.0, 56, 512.0]",663552.0,1296.0,10,"[3.0, 3.0, 56, 512.0]",663552.0,1296.0,10,"[3.0, 3.0, 56, 512.0]",35995968.0,81054.0,60
189,248640.0,7252,7,"[8.0, 10.0, 3.0, 10]",12616704.0,24642,2,"[4.0, 4.0, 32, 64.0]",3097600.0,6050,2,"[4.0, 4.0, 32, 128.0]",6195200.0,12100,4,"[4.0, 4.0, 32, 128.0]",2239488.0,5832,4,"[3.0, 4.0, 42, 256.0]",6718464.0,14580,5,"[3.0, 3.0, 56, 256.0]",1557504.0,3380,5,"[3.0, 3.0, 56, 512.0]",3115008.0,6084.0,10,"[3.0, 3.0, 56, 512.0]",663552.0,1296.0,10,"[3.0, 3.0, 56, 512.0]",663552.0,1296.0,10,"[3.0, 3.0, 56, 512.0]",37115712.0,82512.0,59
190,248640.0,7252,7,"[8.0, 10.0, 3.0, 10]",10513920.0,24642,3,"[4.0, 5.0, 25, 64.0]",3097600.0,6050,2,"[4.0, 4.0, 32, 128.0]",6195200.0,12100,4,"[4.0, 4.0, 32, 128.0]",3359232.0,8748,3,"[3.0, 3.0, 56, 256.0]",6718464.0,14580,5,"[3.0, 3.0, 56, 256.0]",1557504.0,3380,5,"[3.0, 3.0, 56, 512.0]",3115008.0,6084.0,10,"[3.0, 3.0, 56, 512.0]",663552.0,1296.0,10,"[3.0, 3.0, 56, 512.0]",663552.0,1296.0,10,"[3.0, 3.0, 56, 512.0]",36132672.0,85428.0,59
191,248640.0,7252,7,"[8.0, 10.0, 3.0, 10]",10513920.0,24642,3,"[4.0, 5.0, 25, 64.0]",3097600.0,6050,2,"[4.0, 4.0, 32, 128.0]",6195200.0,12100,4,"[4.0, 4.0, 32, 128.0]",2239488.0,5832,4,"[3.0, 4.0, 42, 256.0]",6718464.0,14580,5,"[3.0, 3.0, 56, 256.0]",1557504.0,3380,5,"[3.0, 3.0, 56, 512.0]",3115008.0,6084.0,10,"[3.0, 3.0, 56, 512.0]",663552.0,1296.0,10,"[3.0, 3.0, 56, 512.0]",663552.0,1296.0,10,"[3.0, 3.0, 56, 512.0]",35012928.0,82512.0,60
192,248640.0,7252,7,"[8.0, 10.0, 3.0, 10]",9547776.0,24864,4,"[4.0, 6.0, 21, 64.0]",3097600.0,6050,2,"[4.0, 4.0, 32, 128.0]",6195200.0,12100,4,"[4.0, 4.0, 32, 128.0]",3359232.0,8748,3,"[3.0, 3.0, 56, 256.0]",6718464.0,14580,5,"[3.0, 3.0, 56, 256.0]",1557504.0,3380,5,"[3.0, 3.0, 56, 512.0]",3115008.0,6084.0,10,"[3.0, 3.0, 56, 512.0]",663552.0,1296.0,10,"[3.0, 3.0, 56, 512.0]",663552.0,1296.0,10,"[3.0, 3.0, 56, 512.0]",35166528.0,85650.0,60
193,248832.0,7168,7,"[9.0, 9.0, 3.0, 10]",12616704.0,24642,2,"[4.0, 4.0, 32, 64.0]",3097600.0,6050,2,"[4.0, 4.0, 32, 128.0]",6195200.0,12100,4,"[4.0, 4.0, 32, 128.0]",3359232.0,8748,3,"[3.0, 3.0, 56, 256.0]",6718464.0,14580,5,"[3.0, 3.0, 56, 256.0]",1557504.0,3380,5,"[3.0, 3.0, 56, 512.0]",3115008.0,6084.0,10,"[3.0, 3.0, 56, 512.0]",663552.0,1296.0,10,"[3.0, 3.0, 56, 512.0]",663552.0,1296.0,10,"[3.0, 3.0, 56, 512.0]",38235648.0,85344.0,58
194,248832.0,7168,7,"[9.0, 9.0, 3.0, 10]",12616704.0,24642,2,"[4.0, 4.0, 32, 64.0]",3097600.0,6050,2,"[4.0, 4.0, 32, 128.0]",6195200.0,12100,4,"[4.0, 4.0, 32, 128.0]",3359232.0,8748,3,"[3.0, 3.0, 56, 256.0]",4478976.0,10206,7,"[3.0, 4.0, 42, 256.0]",1557504.0,3380,5,"[3.0, 3.0, 56, 512.0]",3115008.0,6084.0,10,"[3.0, 3.0, 56, 512.0]",663552.0,1296.0,10,"[3.0, 3.0, 56, 512.0]",663552.0,1296.0,10,"[3.0, 3.0, 56, 512.0]",35996160.0,80970.0,60
195,248832.0,7168,7,"[9.0, 9.0, 3.0, 10]",12616704.0,24642,2,"[4.0, 4.0, 32, 64.0]",3097600.0,6050,2,"[4.0, 4.0, 32, 128.0]",6195200.0,12100,4,"[4.0, 4.0, 32, 128.0]",2239488.0,5832,4,"[3.0, 4.0, 42, 256.0]",6718464.0,14580,5,"[3.0, 3.0, 56, 256.0]",1557504.0,3380,5,"[3.0, 3.0, 56, 512.0]",3115008.0,6084.0,10,"[3.0, 3.0, 56, 512.0]",663552.0,1296.0,10,"[3.0, 3.0, 56, 512.0]",663552.0,1296.0,10,"[3.0, 3.0, 56, 512.0]",37115904.0,82428.0,59
196,248832.0,7168,7,"[9.0, 9.0, 3.0, 10]",10513920.0,24642,3,"[4.0, 5.0, 25, 64.0]",3097600.0,6050,2,"[4.0, 4.0, 32, 128.0]",6195200.0,12100,4,"[4.0, 4.0, 32, 128.0]",3359232.0,8748,3,"[3.0, 3.0, 56, 256.0]",6718464.0,14580,5,"[3.0, 3.0, 56, 256.0]",1557504.0,3380,5,"[3.0, 3.0, 56, 512.0]",3115008.0,6084.0,10,"[3.0, 3.0, 56, 512.0]",663552.0,1296.0,10,"[3.0, 3.0, 56, 512.0]",663552.0,1296.0,10,"[3.0, 3.0, 56, 512.0]",36132864.0,85344.0,59
197,248832.0,7168,7,"[9.0, 9.0, 3.0, 10]",10513920.0,24642,3,"[4.0, 5.0, 25, 64.0]",3097600.0,6050,2,"[4.0, 4.0, 32, 128.0]",6195200.0,12100,4,"[4.0, 4.0, 32, 128.0]",2239488.0,5832,4,"[3.0, 4.0, 42, 256.0]",6718464.0,14580,5,"[3.0, 3.0, 56, 256.0]",1557504.0,3380,5,"[3.0, 3.0, 56, 512.0]",3115008.0,6084.0,10,"[3.0, 3.0, 56, 512.0]",663552.0,1296.0,10,"[3.0, 3.0, 56, 512.0]",663552.0,1296.0,10,"[3.0, 3.0, 56, 512.0]",35013120.0,82428.0,60
198,248832.0,7168,7,"[9.0, 9.0, 3.0, 10]",9547776.0,24864,4,"[4.0, 6.0, 21, 64.0]",3097600.0,6050,2,"[4.0, 4.0, 32, 128.0]",6195200.0,12100,4,"[4.0, 4.0, 32, 128.0]",3359232.0,8748,3,"[3.0, 3.0, 56, 256.0]",6718464.0,14580,5,"[3.0, 3.0, 56, 256.0]",1557504.0,3380,5,"[3.0, 3.0, 56, 512.0]",3115008.0,6084.0,10,"[3.0, 3.0, 56, 512.0]",663552.0,1296.0,10,"[3.0, 3.0, 56, 512.0]",663552.0,1296.0,10,"[3.0, 3.0, 56, 512.0]",35166720.0,85566.0,60
199,317016.0,6216,8,"[4.0, 34.0, 3.0, 8]",12616704.0,24642,2,"[4.0, 4.0, 32, 64.0]",3097600.0,6050,2,"[4.0, 4.0, 32, 128.0]",6195200.0,12100,4,"[4.0, 4.0, 32, 128.0]",3359232.0,8748,3,"[3.0, 3.0, 56, 256.0]",6718464.0,14580,5,"[3.0, 3.0, 56, 256.0]",1557504.0,3380,5,"[3.0, 3.0, 56, 512.0]",3115008.0,6084.0,10,"[3.0, 3.0, 56, 512.0]",663552.0,1296.0,10,"[3.0, 3.0, 56, 512.0]",663552.0,1296.0,10,"[3.0, 3.0, 56, 512.0]",38303832.0,84392.0,59
200,317016.0,6216,8,"[4.0, 34.0, 3.0, 8]",12616704.0,24642,2,"[4.0, 4.0, 32, 64.0]",3097600.0,6050,2,"[4.0, 4.0, 32, 128.0]",6195200.0,12100,4,"[4.0, 4.0, 32, 128.0]",2239488.0,5832,4,"[3.0, 4.0, 42, 256.0]",6718464.0,14580,5,"[3.0, 3.0, 56, 256.0]",1557504.0,3380,5,"[3.0, 3.0, 56, 512.0]",3115008.0,6084.0,10,"[3.0, 3.0, 56, 512.0]",663552.0,1296.0,10,"[3.0, 3.0, 56, 512.0]",663552.0,1296.0,10,"[3.0, 3.0, 56, 512.0]",37184088.0,81476.0,60
201,317016.0,6216,8,"[4.0, 34.0, 3.0, 8]",10513920.0,24642,3,"[4.0, 5.0, 25, 64.0]",3097600.0,6050,2,"[4.0, 4.0, 32, 128.0]",6195200.0,12100,4,"[4.0, 4.0, 32, 128.0]",3359232.0,8748,3,"[3.0, 3.0, 56, 256.0]",6718464.0,14580,5,"[3.0, 3.0, 56, 256.0]",1557504.0,3380,5,"[3.0, 3.0, 56, 512.0]",3115008.0,6084.0,10,"[3.0, 3.0, 56, 512.0]",663552.0,1296.0,10,"[3.0, 3.0, 56, 512.0]",663552.0,1296.0,10,"[3.0, 3.0, 56, 512.0]",36201048.0,84392.0,60
202,235200.0,6272,8,"[10.0, 10.0, 3.0, 8]",12616704.0,24642,2,"[4.0, 4.0, 32, 64.0]",3097600.0,6050,2,"[4.0, 4.0, 32, 128.0]",6195200.0,12100,4,"[4.0, 4.0, 32, 128.0]",3359232.0,8748,3,"[3.0, 3.0, 56, 256.0]",6718464.0,14580,5,"[3.0, 3.0, 56, 256.0]",1557504.0,3380,5,"[3.0, 3.0, 56, 512.0]",3115008.0,6084.0,10,"[3.0, 3.0, 56, 512.0]",663552.0,1296.0,10,"[3.0, 3.0, 56, 512.0]",663552.0,1296.0,10,"[3.0, 3.0, 56, 512.0]",38222016.0,84448.0,59
203,235200.0,6272,8,"[10.0, 10.0, 3.0, 8]",12616704.0,24642,2,"[4.0, 4.0, 32, 64.0]",3097600.0,6050,2,"[4.0, 4.0, 32, 128.0]",6195200.0,12100,4,"[4.0, 4.0, 32, 128.0]",2239488.0,5832,4,"[3.0, 4.0, 42, 256.0]",6718464.0,14580,5,"[3.0, 3.0, 56, 256.0]",1557504.0,3380,5,"[3.0, 3.0, 56, 512.0]",3115008.0,6084.0,10,"[3.0, 3.0, 56, 512.0]",663552.0,1296.0,10,"[3.0, 3.0, 56, 512.0]",663552.0,1296.0,10,"[3.0, 3.0, 56, 512.0]",37102272.0,81532.0,60
204,235200.0,6272,8,"[10.0, 10.0, 3.0, 8]",10513920.0,24642,3,"[4.0, 5.0, 25, 64.0]",3097600.0,6050,2,"[4.0, 4.0, 32, 128.0]",6195200.0,12100,4,"[4.0, 4.0, 32, 128.0]",3359232.0,8748,3,"[3.0, 3.0, 56, 256.0]",6718464.0,14580,5,"[3.0, 3.0, 56, 256.0]",1557504.0,3380,5,"[3.0, 3.0, 56, 512.0]",3115008.0,6084.0,10,"[3.0, 3.0, 56, 512.0]",663552.0,1296.0,10,"[3.0, 3.0, 56, 512.0]",663552.0,1296.0,10,"[3.0, 3.0, 56, 512.0]",36119232.0,84448.0,60
